"Player","Team","POS","ATT","YDS","TDS","REC","YDS","TDS","FL","FPTS"
" "," ","","",""
"Ja'Marr Chase","CIN","WR1","1.6","12.7","0.0","120.7","1,577.6","12.2","0.6","351.9"
"Bijan Robinson","ATL","RB1","299.3","1,401.2","11.3","56.9","428.2","2.1","1.4","317.4"
"Jahmyr Gibbs","DET","RB2","239.9","1,239.5","11.7","57.7","508.8","2.8","1.3","316.7"
"Saquon Barkley","PHI","RB3","327.8","1,661.5","10.8","41.9","318.2","2.2","1.4","315.0"
"Justin Jefferson","MIN","WR2","0.5","2.2","0.0","106.4","1,478.7","9.7","0.6","311.5"
"CeeDee Lamb","DAL","WR3","9.2","59.4","0.3","111.7","1,391.5","8.0","1.0","304.7"
"Christian McCaffrey","SF","RB4","233.2","1,062.6","7.9","65.1","570.1","3.6","1.8","293.5"
"Puka Nacua","LAR","WR4","10.7","61.4","0.6","105.7","1,374.1","7.0","0.6","293.4"
"Amon-Ra St. Brown","DET","WR5","1.9","12.6","0.1","110.4","1,267.6","9.1","0.9","291.2"
"Malik Nabers","NYG","WR6","2.6","12.2","0.0","106.6","1,338.2","8.2","0.6","289.9"
"De'Von Achane","MIA","RB5","218.6","1,014.8","7.6","69.1","510.8","4.1","1.3","289.3"
"Nico Collins","HOU","WR7","0.0","1.6","0.0","92.0","1,313.4","8.9","0.5","275.5"
"Brian Thomas Jr.","JAC","WR8","3.8","25.1","0.0","91.6","1,285.4","8.6","0.6","273.0"
"Derrick Henry","BAL","RB6","295.2","1,508.5","13.3","16.4","153.1","0.9","1.4","264.8"
"Josh Jacobs","GB","RB7","284.2","1,211.8","11.3","38.1","316.0","1.5","1.5","264.2"
"Ashton Jeanty","LV","RB8","273.0","1,204.0","9.0","46.3","366.3","1.9","2.4","263.7"
"Tyreek Hill","MIA","WR9","7.2","40.3","0.1","94.2","1,184.5","7.7","0.6","262.7"
"Drake London","ATL","WR10","0.3","2.0","0.0","94.5","1,204.7","7.9","0.6","261.7"
"A.J. Brown","PHI","WR11","0.0","0.0","0.0","84.8","1,244.6","8.4","0.9","257.6"
"Ladd McConkey","LAC","WR12","0.0","1.4","0.0","91.3","1,219.0","7.4","0.7","256.5"
"Brock Bowers","LV","TE1","0.0","8.0","0.0","106.0","1,131.4","6.1","0.5","255.7"
"Chase Brown","CIN","RB9","234.6","984.0","7.8","54.0","377.5","2.7","1.4","250.3"
"Tee Higgins","CIN","WR13","0.0","0.0","0.0","86.6","1,093.9","8.9","0.9","247.7"
"Bucky Irving","TB","RB10","234.7","1,110.7","8.3","44.4","343.3","1.7","1.4","246.9"
"Kyren Williams","LAR","RB11","275.7","1,192.4","11.2","33.7","213.8","1.7","2.3","246.7"
"Jaxon Smith-Njigba","SEA","WR14","2.6","17.7","0.0","94.9","1,112.0","6.6","0.6","246.6"
"Davante Adams","LAR","WR15","0.3","0.0","0.0","85.4","1,101.6","8.3","0.5","244.6"
"Trey McBride","ARI","TE2","0.0","1.5","0.0","104.4","1,053.2","5.8","0.5","243.9"
"Mike Evans","TB","WR16","0.0","0.0","0.0","79.2","1,063.4","9.9","0.5","243.7"
"Terry McLaurin","WAS","WR17","1.1","4.8","0.0","83.6","1,115.2","8.2","0.9","243.2"
"Jonathan Taylor","IND","RB12","297.7","1,359.2","9.6","25.7","194.4","1.1","1.6","242.2"
"Alvin Kamara","NO","RB13","215.5","903.5","5.1","63.0","475.6","2.0","1.3","241.0"
"Garrett Wilson","NYJ","WR18","1.9","13.5","0.0","91.7","1,095.9","6.0","1.3","236.2"
"Marvin Harrison Jr.","ARI","WR19","0.0","3.2","0.0","79.6","1,098.9","7.7","1.0","234.1"
"DK Metcalf","PIT","WR20","0.0","1.2","0.0","76.8","1,128.9","7.3","1.3","230.8"
"DJ Moore","CHI","WR21","9.5","54.0","0.1","86.7","1,007.6","6.3","0.9","229.4"
"Breece Hall","NYJ","RB14","224.5","1,000.0","5.9","46.7","383.8","2.1","1.9","229.4"
"James Cook","BUF","RB15","222.0","1,049.7","9.5","31.4","258.5","1.9","1.4","227.5"
"Kenneth Walker III","SEA","RB16","234.8","968.3","8.2","43.3","309.2","1.3","1.3","225.3"
"James Conner","ARI","RB17","213.9","971.1","7.8","41.2","314.9","1.7","1.4","223.8"
"George Kittle","SF","TE3","0.0","0.0","0.0","76.1","1,037.1","7.5","0.5","223.6"
"Courtland Sutton","DEN","WR22","0.0","0.2","0.0","76.7","1,016.3","7.4","0.9","221.0"
"Zay Flowers","BAL","WR23","8.2","48.4","0.1","74.9","1,028.7","6.3","0.5","220.1"
"DeVonta Smith","PHI","WR24","0.3","1.2","0.0","81.2","977.6","6.8","0.5","218.9"
"Xavier Worthy","KC","WR25","15.7","84.6","1.5","70.5","864.2","7.1","0.5","216.0"
"Jerry Jeudy","CLE","WR26","0.3","4.8","0.0","80.9","1,088.1","4.1","0.6","213.6"
"Omarion Hampton","LAC","RB18","213.0","938.2","8.3","36.4","281.4","1.6","2.1","213.5"
"Chuba Hubbard","CAR","RB19","229.8","1,031.9","7.6","37.8","229.8","1.1","1.8","212.2"
"Calvin Ridley","TEN","WR27","5.6","33.4","0.3","70.1","1,027.0","6.0","0.9","212.0"
"Jakobi Meyers","LV","WR28","1.2","8.9","0.0","82.4","966.3","5.3","0.5","210.9"
"George Pickens","DAL","WR29","1.0","6.2","0.0","68.4","999.9","6.4","0.9","205.5"
"Aaron Jones Sr.","MIN","RB20","201.6","903.1","4.6","44.3","327.8","2.2","1.8","204.7"
"D'Andre Swift","CHI","RB21","238.7","967.1","6.1","36.7","283.0","1.2","1.1","203.6"
"Jaylen Waddle","MIA","WR30","2.5","15.9","0.1","75.5","965.1","4.9","0.5","202.1"
"Jameson Williams","DET","WR31","7.4","63.4","0.8","60.4","958.2","6.0","0.5","202.0"
"Tony Pollard","TEN","RB22","227.5","958.5","5.4","40.2","257.9","0.9","1.0","197.4"
"Deebo Samuel Sr.","WAS","WR32","30.1","127.9","1.2","65.1","834.4","5.1","1.0","197.3"
"Jauan Jennings","SF","WR33","3.6","15.7","0.1","70.1","924.4","5.5","0.6","196.4"
"David Montgomery","DET","RB23","196.6","819.0","8.9","31.4","258.5","0.9","1.0","195.9"
"Chris Godwin","TB","WR34","1.2","6.9","0.0","75.0","862.2","5.6","0.6","194.6"
"Stefon Diggs","NE","WR35","1.3","6.9","0.2","77.4","850.5","5.1","0.5","194.2"
"Chris Olave","NO","WR36","0.3","2.8","0.0","75.6","935.9","4.4","1.3","193.2"
"Joe Mixon","HOU","RB24","206.7","822.4","7.5","33.4","258.6","1.3","0.9","192.6"
"Tetairoa McMillan","CAR","WR37","0.5","7.4","0.0","70.3","907.2","5.3","1.2","191.0"
"Travis Hunter","JAC","WR38","3.8","21.8","0.1","68.3","883.1","5.2","0.8","189.0"
"TreVeyon Henderson","NE","RB25","202.4","891.8","5.7","33.3","258.5","1.5","1.7","188.1"
"Cooper Kupp","SEA","WR39","1.3","8.9","0.0","73.3","818.5","5.4","0.6","187.2"
"Rashee Rice","KC","WR40","1.1","4.3","0.0","70.4","821.0","5.9","0.6","187.2"
"Travis Kelce","KC","TE4","0.0","0.5","0.0","80.8","760.3","5.3","0.9","186.8"
"Rome Odunze","CHI","WR41","1.3","8.0","0.0","65.6","880.3","5.4","0.9","184.8"
"Matthew Golden","GB","WR42","0.7","11.8","0.0","61.4","867.6","6.0","0.8","183.7"
"Sam LaPorta","DET","TE5","0.0","0.0","0.0","67.9","763.9","6.7","0.4","183.5"
"Jayden Reed","GB","WR43","11.8","93.7","0.7","58.6","783.8","5.7","0.9","183.3"
"T.J. Hockenson","MIN","TE6","0.0","0.0","0.0","76.3","799.1","4.6","0.5","182.9"
"Khalil Shakir","BUF","WR44","0.3","3.0","0.0","71.7","812.5","4.9","0.6","181.5"
"Michael Pittman Jr.","IND","WR45","0.0","1.8","0.0","71.9","852.5","4.0","0.9","179.2"
"David Njoku","CLE","TE7","0.0","0.0","0.0","76.6","736.1","4.8","0.8","177.7"
"Isiah Pacheco","KC","RB26","203.7","838.2","5.7","32.9","222.6","1.0","1.0","177.5"
"Mark Andrews","BAL","TE8","0.0","2.0","0.0","59.9","721.0","7.8","0.8","177.2"
"Jaylen Warren","PIT","RB27","148.8","677.1","3.8","47.1","343.1","1.1","1.0","176.2"
"RJ Harvey","DEN","RB28","174.0","761.6","5.2","33.6","257.3","1.6","1.0","174.5"
"Tyrone Tracy Jr.","NYG","RB29","188.6","801.6","5.0","35.2","259.4","1.1","1.6","174.4"
"Darnell Mooney","ATL","WR46","0.0","1.2","0.0","60.4","844.3","4.8","0.5","172.9"
"Ricky Pearsall","SF","WR47","7.0","50.0","0.3","58.2","789.9","5.0","0.6","172.7"
"Jordan Addison","MIN","WR48","0.9","8.9","0.2","58.7","762.3","5.8","0.4","171.1"
"Keon Coleman","BUF","WR49","0.3","3.8","0.0","52.4","822.5","6.1","0.5","170.7"
"Rashid Shaheed","NO","WR50","7.3","44.5","0.1","56.4","846.0","4.4","1.3","170.2"
"Brian Robinson Jr.","WAS","RB30","196.7","809.6","7.3","23.4","175.7","1.0","1.4","169.0"
"Kaleb Johnson","PIT","RB31","202.7","858.1","6.6","23.2","178.1","1.0","1.7","168.8"
"Josh Downs","IND","WR51","0.3","5.6","0.0","63.3","737.3","4.3","0.5","162.2"
"Marvin Mims Jr.","DEN","WR52","11.9","49.4","0.1","51.2","696.5","5.4","0.6","157.7"
"Keenan Allen","LAC","WR53","0.5","2.7","0.0","58.6","684.0","5.1","0.6","156.9"
"Austin Ekeler","WAS","RB32","95.3","414.8","4.1","44.9","367.0","1.8","1.0","156.1"
"Adam Thielen","CAR","WR54","0.0","1.8","0.0","61.8","657.7","4.5","0.5","153.4"
"Javonte Williams","DAL","RB33","174.9","645.7","4.2","35.9","229.1","1.1","0.9","153.3"
"Evan Engram","DEN","TE9","0.0","0.0","0.0","69.1","614.2","4.0","0.9","152.5"
"Wan'Dale Robinson","NYG","WR55","2.0","15.6","0.0","69.1","622.0","3.1","0.5","150.7"
"Jake Ferguson","DAL","TE10","0.0","0.0","0.0","67.7","621.1","3.8","1.2","150.2"
"Travis Etienne Jr.","JAC","RB34","141.1","577.1","3.7","37.6","277.5","1.2","0.9","150.2"
"Marquise Brown","KC","WR56","0.3","2.0","0.0","55.0","667.4","4.4","0.2","148.2"
"J.K. Dobbins","DEN","RB35","148.4","657.8","4.9","29.2","187.9","1.2","1.2","148.1"
"Rashod Bateman","BAL","WR57","0.0","0.6","0.0","45.5","691.5","5.5","0.1","147.8"
"Tucker Kraft","GB","TE11","0.0","0.0","0.0","55.2","652.8","4.8","0.8","147.8"
"Cedric Tillman","CLE","WR58","0.7","0.8","0.0","55.7","696.3","3.9","0.9","146.9"
"Tyler Warren","IND","TE12","0.0","5.5","0.0","57.9","647.4","4.3","1.1","146.5"
"Dallas Goedert","PHI","TE13","0.0","0.0","0.0","57.2","633.4","3.9","0.5","143.0"
"Brandon Aiyuk","SF","WR59","0.0","1.7","0.0","48.6","734.8","3.6","0.4","142.8"
"Zach Ertz","WAS","TE14","0.0","0.0","0.0","58.1","539.4","5.1","0.1","142.3"
"Zach Charbonnet","SEA","RB36","126.7","536.0","4.5","33.2","244.8","0.9","0.8","142.0"
"Rhamondre Stevenson","NE","RB37","156.7","636.8","4.8","28.0","177.2","1.1","1.5","141.4"
"Xavier Legette","CAR","WR60","6.2","29.0","0.1","54.4","613.2","3.9","0.5","141.3"
"Dalton Kincaid","BUF","TE15","0.0","0.0","0.0","57.1","603.2","4.0","0.5","140.7"
"Rachaad White","TB","RB38","114.5","462.5","2.8","37.6","282.8","2.1","1.3","139.3"
"Emeka Egbuka","TB","WR61","2.2","11.1","0.0","49.1","635.1","4.4","1.1","138.4"
"Christian Kirk","HOU","WR62","0.7","4.0","0.0","50.6","649.4","3.5","0.8","135.2"
"Tyjae Spears","TEN","RB39","124.6","498.2","3.7","33.6","251.9","1.0","0.9","134.9"
"Hunter Henry","NE","TE16","0.0","0.0","0.0","55.4","574.6","3.6","0.4","133.9"
"Jayden Higgins","HOU","WR63","0.7","2.5","0.0","47.7","629.5","4.0","0.5","133.9"
"Jordan Mason","MIN","RB40","160.4","739.8","4.4","17.4","127.1","0.7","0.7","133.7"
"Kyle Pitts Sr.","ATL","TE17","0.0","0.0","0.0","47.8","602.4","3.8","0.1","130.9"
"Quinshon Judkins","CLE","RB41","151.9","641.5","4.0","22.4","169.7","0.9","1.2","130.7"
"Darren Waller","MIA","TE18","0.0","0.0","0.0","52.6","579.5","3.4","0.1","130.5"
"DeMario Douglas","NE","WR64","2.1","15.7","0.0","54.6","575.3","2.8","0.2","130.3"
"Colston Loveland","CHI","TE19","0.0","0.0","0.0","52.8","554.0","3.8","0.8","129.4"
"Jonnu Smith","PIT","TE20","0.0","1.5","0.0","52.2","544.5","4.0","0.9","128.9"
"Brenton Strange","JAC","TE21","0.0","0.0","0.0","55.2","546.2","3.3","0.5","128.5"
"Cade Otton","TB","TE22","0.0","0.0","0.0","52.3","532.3","4.0","0.5","128.2"
"Tyler Lockett","TEN","WR65","0.0","0.0","0.0","49.6","578.7","3.5","0.1","128.1"
"Najee Harris","LAC","RB42","141.4","567.3","5.0","22.0","159.2","0.8","0.8","127.7"
"Romeo Doubs","GB","WR66","0.0","0.5","0.0","45.2","575.2","4.3","0.5","127.4"
"Luther Burden III","CHI","WR67","3.7","27.4","0.4","47.0","570.0","3.4","1.1","126.8"
"Mike Gesicki","CIN","TE23","0.0","0.0","0.0","52.8","518.3","3.6","0.4","125.4"
"Tre' Harris","LAC","WR68","0.7","3.8","0.0","44.2","587.3","3.7","0.7","124.3"
"Cam Skattebo","NYG","RB43","129.4","555.6","3.6","24.8","190.6","0.9","1.2","124.1"
"Chig Okonkwo","TEN","TE24","0.0","3.0","0.0","53.8","537.2","2.9","0.8","123.7"
"Joshua Palmer","BUF","WR69","0.0","0.5","0.0","42.0","577.0","3.5","0.1","120.8"
"Michael Wilson","ARI","WR70","1.9","8.9","0.1","43.8","525.0","3.9","0.5","120.2"
"Jack Bech","LV","WR71","1.0","4.7","0.0","45.9","574.4","2.9","0.8","119.9"
"Pat Freiermuth","PIT","TE25","0.0","0.0","0.0","51.2","493.6","3.5","0.9","119.9"
"Quentin Johnston","LAC","WR72","1.7","7.2","0.0","39.9","520.6","4.6","0.4","119.7"
"Dalton Schultz","HOU","TE26","0.0","0.0","0.0","49.9","516.6","3.1","0.4","119.4"
"Jerome Ford","CLE","RB44","120.0","511.5","2.8","28.4","193.5","0.9","0.8","119.3"
"Isaiah Likely","BAL","TE27","0.0","0.0","0.0","41.4","495.5","4.8","0.7","118.4"
"Juwan Johnson","NO","TE28","0.0","0.0","0.0","48.9","501.0","3.3","0.2","118.4"
"Calvin Austin III","PIT","WR73","2.3","11.8","0.1","39.3","539.2","3.4","0.5","114.0"
"Diontae Johnson","CLE","WR74","0.0","2.3","0.0","43.1","533.4","2.8","0.7","112.0"
"Dyami Brown","JAC","WR75","0.0","3.7","0.0","41.1","522.1","3.1","0.2","111.7"
"Tyler Higbee","LAR","TE29","0.0","0.0","0.0","45.3","425.3","3.7","0.1","109.7"
"Trey Benson","ARI","RB45","138.1","600.5","3.9","13.9","104.7","0.5","0.9","109.4"
"Tank Bigsby","JAC","RB46","151.8","612.8","5.0","11.2","81.1","0.2","1.2","109.3"
"Dylan Sampson","CLE","RB47","118.7","480.9","2.7","23.3","178.9","0.9","0.8","109.2"
"Jalen McMillan","TB","WR76","2.3","18.7","0.0","36.0","450.9","4.3","0.5","107.9"
"Theo Johnson","NYG","TE30","0.0","0.0","0.0","43.1","470.0","2.7","0.1","106.1"
"Kyle Williams","NE","WR77","2.1","13.3","0.0","38.8","492.5","2.9","0.4","106.0"
"Tutu Atwell","LAR","WR78","4.3","20.2","0.1","39.1","498.0","2.2","0.1","104.4"
"Mason Taylor","NYJ","TE31","0.0","0.0","0.0","44.5","449.6","2.6","0.5","103.9"
"Jaydon Blue","DAL","RB48","109.2","476.9","2.9","19.3","150.7","0.8","0.8","102.5"
"Alec Pierce","IND","WR79","0.0","0.0","0.0","29.3","529.2","3.3","0.1","101.9"
"Rico Dowdle","CAR","RB49","107.3","459.1","2.6","20.9","143.0","1.1","0.8","101.8"
"Elijah Arroyo","SEA","TE32","0.0","0.0","0.0","41.1","436.0","2.9","0.4","101.2"
"Ray-Ray McCloud III","ATL","WR80","7.8","53.1","0.2","39.7","426.2","2.3","1.2","99.8"
"Ray Davis","BUF","RB50","118.8","499.5","3.7","12.4","105.5","1.0","0.8","99.6"
"Darius Slayton","NYG","WR81","1.4","6.1","0.0","34.1","502.0","2.4","0.2","99.3"
"Brandin Cooks","NO","WR82","1.7","3.8","0.0","37.4","431.6","2.9","0.1","98.1"
"Roschon Johnson","CHI","RB51","96.6","346.6","5.0","19.0","123.9","0.5","0.4","97.7"
"DeAndre Hopkins","BAL","WR83","0.0","0.5","0.0","32.0","416.4","3.9","0.1","96.9"
"Jalen Tolbert","DAL","WR84","0.0","0.0","0.0","34.3","408.5","3.5","0.1","95.9"
"Tyler Allgeier","ATL","RB52","117.3","540.8","3.2","12.7","92.3","0.3","0.8","95.8"
"Nick Westbrook-Ikhine","MIA","WR85","0.0","1.3","0.0","31.2","423.4","3.7","0.1","95.4"
"Josh Reynolds","NYJ","WR86","0.0","0.0","0.0","33.4","435.0","2.7","0.1","93.0"
"Isaac Guerendo","SF","RB53","113.1","488.7","3.9","10.6","93.2","0.4","0.9","92.5"
"Nick Chubb","HOU","RB54","118.9","484.3","3.8","9.9","75.6","0.7","0.5","91.9"
"Bhayshul Tuten","JAC","RB55","91.9","398.0","2.7","17.5","137.4","0.8","0.8","90.6"
"Jordan Whittington","LAR","WR87","1.1","13.9","0.0","34.1","397.8","2.4","0.1","89.7"
"Will Dissly","LAC","TE33","0.0","0.0","0.0","37.8","369.9","2.5","0.0","89.7"
"Ja'Tavion Sanders","CAR","TE34","0.0","0.0","0.0","38.5","388.4","2.1","0.1","89.5"
"Braelon Allen","NYJ","RB56","100.5","390.9","2.7","16.6","123.1","0.8","0.4","88.4"
"Jalen Coker","CAR","WR88","0.0","2.3","0.0","32.9","428.7","2.1","0.1","88.3"
"Tory Horton","SEA","WR89","1.0","8.7","0.0","33.5","426.7","2.1","0.7","87.9"
"Noah Fant","CIN","TE35","0.0","0.0","0.0","36.2","370.6","2.4","0.1","87.8"
"Tre Tucker","LV","WR90","5.6","31.5","0.3","30.1","388.5","2.3","0.1","87.7"
"Jaylen Wright","MIA","RB57","117.5","478.7","2.9","13.1","90.5","0.6","1.5","87.5"
"Andrei Iosivas","CIN","WR91","0.0","0.0","0.0","30.4","363.4","3.4","0.1","87.0"
"Tyler Conklin","LAC","TE36","0.0","0.0","0.0","36.4","352.2","2.5","0.1","86.3"
"Kareem Hunt","KC","RB58","82.4","314.4","3.3","18.2","124.3","0.7","0.1","86.2"
"Jalen Nailor","MIN","WR92","1.8","7.1","0.0","27.9","372.7","3.4","0.4","85.6"
"Allen Lazard","NYJ","WR93","0.0","0.0","0.0","29.9","382.9","2.7","0.1","84.2"
"Justice Hill","BAL","RB59","41.8","185.1","1.1","27.3","222.3","1.7","0.4","84.0"
"Pat Bryant","DEN","WR94","0.0","0.0","0.0","30.7","375.6","2.6","0.1","83.4"
"MarShawn Lloyd","GB","RB60","105.6","381.4","2.9","13.8","110.2","0.7","0.8","83.2"
"Noah Brown","WAS","WR95","0.0","0.0","0.0","31.4","404.7","1.9","0.1","83.1"
"Russell Gage Jr.","SF","WR96","0.0","0.0","0.0","31.4","360.9","2.5","0.0","82.4"
"Dont'e Thornton Jr.","LV","WR97","0.0","3.0","0.0","29.1","393.3","2.3","0.1","82.1"
"Dontayvion Wicks","GB","WR98","0.0","1.3","0.0","27.5","346.4","3.0","0.0","80.3"
"Marquez Valdes-Scantling","SEA","WR99","2.6","10.0","0.1","24.3","402.8","2.4","0.0","79.9"
"Adonai Mitchell","IND","WR100","2.5","11.5","0.1","26.6","368.6","2.3","0.2","78.5"
"Raheem Mostert","LV","RB61","77.5","289.9","2.6","18.1","133.8","0.6","0.8","78.1"
"Troy Franklin","DEN","WR101","1.1","5.8","0.0","27.2","342.5","2.7","0.1","78.0"
"AJ Barner","SEA","TE37","0.0","0.0","0.0","32.4","302.7","2.4","0.1","76.7"
"Woody Marks","HOU","RB62","72.3","259.1","1.8","20.0","146.4","1.0","0.1","76.6"
"Miles Sanders","DAL","RB63","93.9","404.7","2.3","12.0","77.4","0.6","0.5","76.6"
"Elic Ayomanor","TEN","WR102","0.0","7.5","0.0","28.6","336.3","2.2","0.1","76.1"
"K.J. Osborn","WAS","WR103","0.0","0.0","0.0","28.7","318.5","2.5","0.0","75.6"
"Samaje Perine","CIN","RB64","51.2","200.4","1.5","21.2","195.7","1.1","0.7","74.8"
"Jaylin Noel","HOU","WR104","0.0","13.0","0.0","27.2","326.9","2.3","0.1","74.7"
"Kendre Miller","NO","RB65","95.0","365.9","3.4","9.7","72.6","0.2","0.4","74.2"
"Curtis Samuel","BUF","WR105","6.6","29.3","0.1","27.0","271.5","2.5","0.1","72.4"
"Noah Gray","KC","TE38","0.0","0.0","0.0","28.2","284.8","2.6","0.0","72.0"
"Cole Kmet","CHI","TE39","0.0","0.0","0.0","30.0","288.6","2.3","0.4","71.7"
"Christian Watson","GB","WR106","4.3","17.0","0.0","19.9","366.6","2.3","0.4","71.6"
"Blake Corum","LAR","RB66","96.3","350.7","2.4","12.0","87.4","0.3","0.4","71.5"
"Anthony Miller","BAL","WR107","0.0","0.0","0.0","25.3","289.4","2.5","0.0","69.4"
"Greg Dortch","ARI","WR108","4.8","30.6","0.1","27.1","269.3","2.0","0.4","68.9"
"Malik Washington","MIA","WR109","2.0","13.8","0.1","27.5","289.1","1.8","0.6","67.9"
"Ty Johnson","BUF","RB67","45.7","208.1","1.0","15.2","165.1","1.5","0.1","66.8"
"Ja'Lynn Polk","NE","WR110","0.0","0.0","0.0","24.7","299.0","1.8","0.0","65.5"
"Devaughn Vele","DEN","WR111","0.0","1.7","0.0","24.9","275.3","2.1","0.1","65.0"
"Kayshon Boutte","NE","WR112","0.0","0.0","0.0","22.5","301.5","2.0","0.0","64.5"
"Van Jefferson","TEN","WR113","0.0","0.0","0.0","23.5","300.4","1.9","0.1","64.4"
"Parker Washington","JAC","WR114","0.0","8.5","0.0","25.7","276.7","1.6","0.1","63.5"
"Michael Mayer","LV","TE40","0.0","0.0","0.0","27.7","257.3","1.6","0.1","62.9"
"Keaton Mitchell","BAL","RB68","75.6","330.0","1.7","8.6","83.4","0.5","0.0","62.7"
"Austin Hooper","NE","TE41","0.0","0.0","0.0","26.8","264.0","1.7","0.4","62.4"
"Roman Wilson","PIT","WR115","0.0","0.0","0.0","21.8","276.7","1.9","0.1","60.8"
"Foster Moreau","NO","TE42","0.0","0.0","0.0","23.0","259.9","1.9","0.1","60.2"
"Khalil Herbert","IND","RB69","84.6","325.0","2.1","8.3","54.0","0.2","0.0","60.1"
"Robbie Ouzts","SEA","TE43","0.0","0.0","0.0","25.5","247.0","1.5","0.5","58.4"
"Antonio Gibson","NE","RB70","51.5","209.5","1.0","15.8","127.1","0.5","0.0","58.2"
"Tim Patrick","DET","WR116","0.0","0.0","0.0","20.5","258.2","2.0","0.1","58.1"
"Skyy Moore","KC","WR117","0.0","0.0","0.0","22.2","252.7","1.7","0.0","57.4"
"Dawson Knox","BUF","TE44","0.0","0.0","0.0","21.9","238.0","1.9","0.0","57.2"
"Terrance Ferguson","LAR","TE45","0.0","0.0","0.0","23.0","235.5","1.9","0.4","57.1"
"KaVontae Turpin","DAL","WR118","8.5","58.6","0.5","17.2","218.9","1.4","0.7","54.9"
"Chimere Dike","TEN","WR119","2.1","8.9","0.0","18.9","246.0","1.6","0.1","54.0"
"Jermaine Burton","CIN","WR120","0.0","2.0","0.0","18.1","239.8","2.0","0.1","53.9"
"Harold Fannin Jr.","CLE","TE46","0.0","0.0","0.0","23.7","234.3","1.2","0.4","53.6"
"Jaleel McLaughlin","DEN","RB71","30.5","142.6","0.8","18.2","110.3","0.9","0.5","52.5"
"Jarquez Hunter","LAR","RB72","57.1","245.0","1.9","8.5","69.0","0.4","0.7","52.3"
"Demarcus Robinson","SF","WR121","0.0","1.0","0.0","15.3","241.6","2.0","0.1","51.5"
"Tai Felton","MIN","WR122","0.0","3.7","0.0","18.3","221.1","1.7","0.0","50.9"
"Elijah Mitchell","KC","RB73","62.5","235.9","1.9","8.5","49.0","0.4","0.1","50.6"
"Kenneth Gainwell","PIT","RB74","53.9","196.5","1.3","12.5","88.6","0.4","0.4","50.2"
"Ben Sinnott","WAS","TE47","0.0","0.0","0.0","20.3","199.2","1.6","0.1","49.8"
"Tyler Johnson","NYJ","WR123","0.0","0.0","0.0","19.7","207.4","1.5","0.0","49.6"
"Trevor Etienne","CAR","RB75","47.8","191.3","1.5","10.7","86.8","0.4","0.4","49.1"
"JuJu Smith-Schuster","KC","WR124","0.0","0.0","0.0","19.6","206.8","1.5","0.1","49.0"
"Robert Woods","PIT","WR125","0.0","0.0","0.0","20.1","211.3","1.2","0.1","48.5"
"Devin Singletary","NYG","RB76","51.8","234.9","1.5","9.4","63.3","0.1","0.4","48.4"
"Luke McCaffrey","WAS","WR126","0.0","1.0","0.0","19.4","203.1","1.5","0.1","48.4"
"Tommy Tremble","CAR","TE48","0.0","0.0","0.0","19.2","185.4","1.7","0.4","47.1"
"Josh Oliver","MIN","TE49","0.0","0.0","0.0","18.2","192.7","1.5","0.1","46.6"
"Luke Musgrave","GB","TE50","0.0","0.0","0.0","19.1","186.4","1.4","0.0","46.2"
"Tahj Brooks","CIN","RB77","24.9","225.4","1.9","6.7","48.2","0.1","0.6","44.7"
"Kendrick Bourne","NE","WR127","1.1","6.8","0.0","17.7","199.8","1.1","0.1","44.6"
"Will Shipley","PHI","RB78","37.4","199.4","1.3","8.3","61.8","0.4","0.1","44.6"
"Devin Neal","NO","RB79","38.8","204.6","1.3","7.3","54.5","0.4","0.1","43.3"
"Jalen Royals","KC","WR128","0.0","2.5","0.0","15.7","188.1","1.4","0.0","43.1"
"Emanuel Wilson","GB","RB80","41.9","202.7","1.4","7.4","53.9","0.4","0.3","43.1"
"Zay Jones","ARI","WR129","0.0","2.0","0.0","16.8","179.7","1.3","0.1","42.4"
"Zamir White","LV","RB81","56.1","190.2","1.1","8.6","61.7","0.3","0.0","42.2"
"Jeremy Ruckert","NYJ","TE51","0.0","0.0","0.0","18.7","161.4","1.2","0.0","42.1"
"Oronde Gadsden II","LAC","TE52","0.0","0.0","0.0","16.5","168.9","1.4","0.0","41.6"
"Brock Wright","DET","TE53","0.0","0.0","0.0","15.0","134.8","2.2","0.0","41.4"
"Sean Tucker","TB","RB82","44.8","231.4","1.4","5.1","40.1","0.3","0.7","41.3"
"A.T. Perry","DEN","WR130","0.0","0.0","0.0","13.7","180.5","1.5","0.0","40.6"
"Jahan Dotson","PHI","WR131","0.0","1.7","0.0","15.4","178.4","1.1","0.0","40.2"
"Bub Means","NO","WR132","0.7","4.0","0.0","15.1","188.6","1.0","0.3","39.5"
"Kyle Monangai","CHI","RB83","33.4","213.0","1.8","4.4","31.6","0.0","0.0","39.4"
"Kalif Raymond","DET","WR133","0.0","4.0","0.0","14.7","182.5","1.2","0.6","39.2"
"Kyle Juszczyk","SF","RB84","6.7","26.8","0.4","14.1","136.3","1.1","0.4","38.3"
"Elijah Moore","BUF","WR134","0.0","1.3","0.0","14.5","159.6","1.2","0.0","37.9"
"Gunnar Helm","TEN","TE54","0.0","0.0","0.0","16.4","163.3","0.9","0.4","37.3"
"Taysom Hill","NO","TE55","0.0","50.0","1.0","12.3","104.7","0.7","0.3","37.1"
"Brashard Smith","KC","RB85","9.7","97.0","0.7","10.9","80.3","0.7","0.0","36.4"
"A.J. Dillon","PHI","RB86","50.1","199.1","1.6","3.6","28.6","0.1","0.0","36.3"
"Josh Whyle","TEN","TE56","0.0","0.0","0.0","16.7","152.9","0.7","0.0","36.2"
"Jalin Hyatt","NYG","WR135","0.0","0.0","0.0","13.1","173.9","0.9","0.0","35.9"
"Malachi Corley","NYJ","WR136","2.3","13.5","0.1","13.8","147.0","0.9","0.1","35.7"
"Luke Schoonmaker","DAL","TE57","0.0","0.0","0.0","14.9","134.3","1.2","0.0","35.2"
"Xavier Hutchinson","HOU","WR137","0.0","0.0","0.0","14.0","152.6","1.0","0.0","35.0"
"Adam Trautman","DEN","TE58","0.0","0.0","0.0","12.6","136.7","1.4","0.0","34.5"
"Cade Stover","HOU","TE59","0.0","0.0","0.0","14.4","137.0","1.0","0.0","33.8"
"Daniel Bellinger","NYG","TE60","0.0","0.0","0.0","14.9","137.3","0.8","0.0","33.6"
"DJ Giddens","IND","RB87","24.1","157.7","1.2","5.8","44.6","0.1","0.0","33.4"
"Charlie Woerner","ATL","TE61","0.0","0.0","0.0","14.0","131.2","1.0","0.0","33.2"
"Isaac TeSlaa","DET","WR138","0.0","0.0","0.0","10.7","155.2","1.1","0.0","33.0"
"Brevin Jordan","HOU","TE62","0.0","0.0","0.0","12.6","137.8","1.1","0.0","32.8"
"Julian Hill","MIA","TE63","0.0","0.0","0.0","14.3","130.1","0.9","0.4","32.2"
"Jacory Croskey-Merritt","WAS","RB88","33.0","169.7","1.4","3.7","27.3","0.1","0.0","32.0"
"Irvin Charles","NYJ","WR139","0.0","0.0","0.0","12.4","132.6","0.9","0.0","30.9"
"Audric Estime","DEN","RB89","45.5","148.6","0.9","5.8","40.1","0.2","0.4","30.9"
"Jake Bobo","SEA","WR140","0.0","0.0","0.0","11.8","138.3","0.9","0.0","30.8"
"Michael Gallup","WAS","WR141","0.0","0.0","0.0","11.6","130.8","1.0","0.0","30.7"
"Johnny Mundt","JAC","TE64","0.0","0.0","0.0","13.4","118.2","0.8","0.0","30.3"
"Jake Briningstool","KC","TE65","0.0","0.0","0.0","12.0","121.0","1.0","0.0","30.1"
"Jordan James","SF","RB90","26.9","154.8","1.3","3.3","29.5","0.0","0.0","29.4"
"Darnell Washington","PIT","TE66","0.0","0.0","0.0","12.5","125.8","0.7","0.0","29.4"
"Jha'Quan Jackson","TEN","WR142","0.0","1.7","0.0","11.4","138.2","0.8","0.5","29.1"
"Jaylin Lane","WAS","WR143","2.2","13.5","0.1","10.4","120.0","0.8","0.1","29.1"
"Arian Smith","NYJ","WR144","0.0","3.5","0.0","11.2","134.3","0.7","0.0","29.0"
"Payne Durham","TB","TE67","0.0","0.0","0.0","11.0","107.1","1.2","0.0","28.9"
"Elijah Higgins","ARI","TE68","0.0","0.0","0.0","11.4","110.3","1.1","0.0","28.8"
"Isaiah Davis","NYJ","RB91","28.3","144.5","0.8","5.1","36.3","0.1","0.0","28.7"
"Chris Brooks","GB","RB92","30.9","139.4","0.9","5.3","34.5","0.0","0.0","28.5"
"Quez Watkins","ARI","WR145","0.0","0.0","0.0","10.6","127.3","0.8","0.0","28.0"
"DJ Chark Jr.","ATL","WR146","0.0","0.0","0.0","9.4","128.4","0.9","0.0","27.8"
"Clyde Edwards-Helaire","NO","RB93","41.5","126.7","0.6","5.7","42.7","0.3","0.1","27.8"
"Erik Ezukanma","MIA","WR147","0.0","0.0","0.0","10.8","121.0","0.8","0.0","27.7"
"Emari Demercado","ARI","RB94","18.7","106.3","0.4","8.1","54.0","0.1","0.0","27.2"
"Amar Johnson","GB","RB95","35.0","164.0","1.0","2.0","26.0","0.0","0.0","27.0"
"Xavier Restrepo","TEN","WR148","0.0","2.0","0.0","10.0","105.0","1.0","0.0","26.7"
"Savion Williams","GB","WR149","4.4","16.4","0.1","9.1","104.8","0.8","0.0","26.5"
"Grant Calcaterra","PHI","TE69","0.0","0.0","0.0","10.4","109.2","0.9","0.0","26.4"
"Colby Parkinson","LAR","TE70","0.0","0.0","0.0","10.6","106.9","0.9","0.0","26.4"
"Mack Hollins","NE","WR150","0.0","1.7","0.0","9.2","115.5","0.9","0.1","26.3"
"Connor Heyward","PIT","TE71","0.0","0.0","0.0","10.2","87.7","1.2","0.0","25.9"
"DeAndre Carter","CLE","WR151","0.0","2.0","0.0","10.9","128.5","0.5","0.5","25.8"
"Kimani Vidal","LAC","RB96","35.4","105.4","0.6","5.4","41.0","0.3","0.0","25.4"
"Ollie Gordon II","MIA","RB97","36.2","126.1","1.1","3.5","26.9","0.1","0.4","25.1"
"Nate Adkins","DEN","TE72","0.0","0.0","0.0","8.5","69.8","1.6","0.0","25.0"
"Jelani Woods","IND","TE73","0.0","0.0","0.0","7.0","117.0","1.0","0.0","24.7"
"KhaDarel Hodge","ATL","WR152","0.0","0.0","0.0","8.8","113.8","0.6","0.1","24.0"
"Ty Chandler","MIN","RB98","18.9","96.3","0.7","5.5","38.8","0.1","0.0","23.9"
"Sincere McCormick","LV","RB99","23.7","112.9","0.8","4.3","29.9","0.1","0.1","23.5"
"Drew Sample","CIN","TE74","0.0","0.0","0.0","10.4","85.0","0.8","0.0","23.4"
"Pharaoh Brown","MIA","TE75","0.0","0.0","0.0","10.1","93.4","0.5","0.0","22.2"
"Jamal Agnew","ATL","WR153","0.0","0.0","0.0","8.5","86.1","0.7","0.0","21.4"
"Alec Ingold","MIA","RB100","11.0","21.9","0.8","7.4","53.7","0.4","0.4","21.4"
"Dameon Pierce","HOU","RB101","4.5","81.6","0.7","5.8","40.1","0.1","1.0","21.1"
"Tylan Wallace","BAL","WR154","0.0","1.7","0.0","6.7","90.0","0.9","0.0","21.1"
"Cam Akers","NO","RB102","36.1","113.4","0.6","3.0","20.4","0.1","0.0","21.0"
"Hunter Renfrow","CAR","WR155","0.0","0.0","0.0","9.3","90.1","0.4","0.0","20.7"
"Simi Fehoko","ARI","WR156","0.0","0.0","0.0","7.6","91.5","0.7","0.0","20.7"
"Chris Rodriguez Jr.","WAS","RB103","33.0","121.8","0.9","1.6","11.9","0.0","0.0","20.7"
"Drew Ogletree","IND","TE76","0.0","0.0","0.0","6.9","86.9","0.8","0.0","20.6"
"Olamide Zaccheaus","CHI","WR157","1.1","6.0","0.0","7.6","85.1","0.6","0.0","20.3"
"Michael Burton","DEN","RB104","6.7","14.6","0.6","7.1","45.6","0.6","0.0","20.2"
"Cedrick Wilson Jr.","NO","WR158","0.0","2.0","0.0","7.9","88.4","0.5","0.0","20.0"
"Craig Reynolds","DET","RB105","8.5","38.0","0.1","7.0","55.9","0.4","0.0","19.3"
"Kalel Mullings","TEN","RB106","10.4","96.5","0.6","3.0","21.8","0.0","0.0","18.8"
"Damien Martinez","SEA","RB107","8.6","97.0","0.6","3.0","22.0","0.0","0.0","18.7"
"Lucas Krull","DEN","TE77","0.0","0.0","0.0","8.3","79.8","0.4","0.0","18.6"
"Tim Jones","MIN","WR159","0.0","0.0","0.0","7.1","77.1","0.6","0.1","18.4"
"Hunter Long","JAC","TE78","0.0","0.0","0.0","8.4","75.9","0.4","0.0","18.1"
"Brevyn Spann-Ford","DAL","TE79","0.0","0.0","0.0","7.3","71.1","0.6","0.0","18.1"
"Tyler Goodson","IND","RB108","16.5","67.0","0.3","4.3","30.3","0.3","0.0","18.1"
"Gavin Bartholomew","MIN","TE80","0.0","0.0","0.0","7.0","75.0","0.6","0.0","18.0"
"Michael Carter","ARI","RB109","9.6","41.2","0.2","6.6","44.9","0.3","0.0","17.9"
"Quintin Morris","JAC","TE81","0.0","0.0","0.0","7.8","69.5","0.5","0.0","17.8"
"Giovanni Ricci","MIN","TE82","0.0","0.0","0.0","8.0","96.0","0.0","0.0","17.6"
"Teagan Quitoriano","ATL","TE83","0.0","0.0","0.0","5.5","89.5","0.5","0.0","17.5"
"Patrick Taylor Jr.","SF","RB110","29.1","89.6","0.4","2.9","21.5","0.2","0.0","17.4"
"KeAndre Lambert-Smith","LAC","WR160","0.0","3.0","0.0","5.9","77.7","0.6","0.0","17.3"
"Lawrence Cager","WAS","WR161","0.0","0.0","0.0","5.5","57.0","1.0","0.0","17.2"
"Bo Melton","GB","WR162","0.0","0.0","0.0","6.2","73.9","0.6","0.0","16.9"
"Tanner McLachlan","CIN","TE84","0.0","0.0","0.0","7.0","68.5","0.5","0.0","16.9"
"Ben Skowronek","PIT","WR163","0.0","0.0","0.0","6.5","72.3","0.5","0.0","16.8"
"C.J. Ham","MIN","RB111","3.0","13.6","1.0","5.3","34.8","0.1","0.0","16.6"
"Devin Culp","TB","TE85","0.0","0.0","0.0","6.3","68.1","0.6","0.0","16.6"
"Jaheim Bell","NE","TE86","0.0","0.0","0.0","6.7","67.5","0.5","0.0","16.5"
"Tanner Conner","MIA","TE87","0.0","0.0","0.0","7.0","58.3","0.6","0.0","16.3"
"Raheem Blackshear","CAR","RB112","30.4","86.8","0.5","2.8","20.6","0.1","0.5","16.1"
"Rasheen Ali","BAL","RB113","5.2","80.8","0.6","2.4","17.7","0.1","0.0","16.0"
"Jase McClellan","TB","RB114","30.7","82.0","0.4","3.0","20.9","0.1","0.0","15.9"
"Brenden Bates","CLE","TE88","0.0","0.0","0.0","6.5","61.4","0.5","0.0","15.8"
"Devontez Walker","BAL","WR164","0.0","1.7","0.0","4.9","68.5","0.6","0.0","15.7"
"Charlie Kolar","BAL","TE89","0.0","1.0","0.0","5.7","71.7","0.4","0.0","15.6"
"Luke Farrell","SF","TE90","0.0","0.0","0.0","6.6","64.6","0.4","0.0","15.6"
"Travis Homer","CHI","RB115","22.2","71.6","0.3","3.3","25.0","0.1","0.0","15.6"
"Maurice Alexander","CHI","WR165","0.0","0.0","0.0","6.3","68.1","0.4","0.0","15.6"
"Jeremy McNichols","WAS","RB116","19.7","73.6","0.7","2.4","12.3","0.0","0.0","15.4"
"Samori Toure","CHI","WR166","0.0","0.0","0.0","6.1","67.6","0.4","0.0","15.4"
"Kenny Yeboah","DET","TE91","0.0","0.0","0.0","6.0","61.5","0.5","0.0","15.2"
"John Bates","WAS","TE92","0.0","0.0","0.0","5.9","54.9","0.6","0.0","15.2"
"Pierre Strong Jr.","CLE","RB117","16.5","55.8","0.2","4.4","33.1","0.1","0.0","15.2"
"Tip Reiman","ARI","TE93","0.0","0.0","0.0","6.6","60.3","0.4","0.0","15.1"
"Ian Thomas","LV","TE94","0.0","0.0","0.0","6.6","58.9","0.4","0.0","14.9"
"David Moore","CAR","WR167","0.0","0.0","0.0","5.8","72.3","0.3","0.0","14.9"
"Malik Heath","GB","WR168","0.0","0.0","0.0","5.5","62.2","0.5","0.0","14.4"
"Cam Grandy","CIN","TE95","0.0","0.0","0.0","6.2","54.0","0.4","0.0","14.3"
"Carson Steele","KC","RB118","27.3","70.3","0.3","4.1","22.0","0.1","0.7","14.3"
"Luke Lachey","HOU","TE96","0.0","0.0","0.0","5.5","56.5","0.5","0.0","14.2"
"Xavier Weaver","ARI","WR169","0.0","0.0","0.0","5.2","61.3","0.5","0.0","14.1"
"Travis Vokolek","ARI","TE97","0.0","0.0","0.0","5.5","55.5","0.5","0.0","14.1"
"Dante Pettis","NO","WR170","2.1","9.7","0.0","5.5","62.9","0.2","0.0","13.9"
"Stone Smartt","NYJ","TE98","0.0","0.0","0.0","5.5","66.7","0.4","0.3","13.7"
"LeQuint Allen Jr.","JAC","RB119","4.0","50.9","0.6","3.0","22.0","0.0","0.0","13.6"
"Thomas Fidone II","NYG","TE99","0.0","0.0","0.0","5.5","50.5","0.5","0.0","13.6"
"Dare Ogunbowale","HOU","RB120","5.2","24.9","0.1","5.3","40.6","0.2","0.0","13.3"
"Jackson Hawes","BUF","TE100","0.0","0.0","0.0","5.3","56.8","0.4","0.0","13.2"
"Moliki Matavao","NO","TE101","0.0","0.0","0.0","5.0","51.0","0.5","0.0","13.1"
"Jared Wiley","KC","TE102","0.0","0.0","0.0","5.4","53.4","0.4","0.0","13.0"
"Tommy Mellott","LV","QB1","4.0","24.1","0.2","3.7","43.6","0.2","0.0","12.6"
"Ronnie Rivers","LAR","RB121","31.7","90.4","0.5","0.3","2.3","0.0","0.0","12.6"
"Johnny Wilson","PHI","WR171","0.0","0.0","0.0","4.4","55.4","0.4","0.0","12.5"
"Rondale Moore","MIN","WR172","0.0","5.5","0.0","5.1","46.9","0.4","0.0","12.4"
"Greg Dulcich","NYG","TE103","0.0","0.0","0.0","5.0","52.5","0.3","0.0","12.3"
"Julius Chestnut","TEN","RB122","9.9","30.3","0.1","4.4","31.6","0.2","0.0","12.3"
"Justin Watson","HOU","WR173","0.0","0.0","0.0","4.4","60.1","0.3","0.0","12.1"
"Jordan Mims","TEN","RB123","14.8","62.1","0.3","2.0","14.1","0.1","0.0","11.9"
"Eric Saubert","SEA","TE104","0.0","0.0","0.0","5.2","49.9","0.3","0.0","11.8"
"Ross Dwelley","SF","TE105","0.0","0.0","0.0","4.0","56.7","0.3","0.0","11.7"
"Chris Manhertz","NYG","TE106","0.0","0.0","0.0","4.9","43.3","0.4","0.0","11.5"
"Jonathan Mingo","DAL","WR174","0.0","0.0","0.0","4.5","53.1","0.2","0.0","11.0"
"Robert Tonyan","KC","TE107","0.0","0.0","0.0","4.7","43.3","0.3","0.0","11.0"
"Patrick Ricard","BAL","RB124","4.1","11.5","0.1","3.4","28.0","0.5","0.0","10.9"
"Israel Abanikanda","GB","RB125","13.3","54.8","0.4","1.3","10.7","0.1","0.0","10.5"
"Charlie Jones","CIN","WR175","0.0","1.7","0.0","4.0","46.4","0.3","0.0","10.4"
"Derius Davis","LAC","WR176","10.5","35.4","0.2","2.8","31.2","0.1","0.6","10.4"
"Hassan Haskins","LAC","RB126","15.5","35.0","0.3","1.3","13.7","0.3","0.0","10.2"
"Deuce Vaughn","DAL","RB127","9.0","35.4","0.1","3.1","21.2","0.1","0.0","10.1"
"Kendric Pryor","CIN","WR177","0.0","0.0","0.0","3.9","41.8","0.3","0.0","10.1"
"Frank Gore Jr.","BUF","RB128","10.2","42.8","0.2","2.0","14.9","0.1","0.0","9.7"
"Trishton Jackson","ARI","WR178","0.0","0.0","0.0","3.4","40.6","0.3","0.0","9.5"
"Gary Brightwell","CIN","RB129","8.1","33.8","0.2","2.4","16.7","0.1","0.0","9.2"
"Davis Allen","LAR","TE108","0.0","0.0","0.0","4.1","38.4","0.2","0.0","9.1"
"Xavier Gipson","NYJ","WR179","0.0","2.5","0.0","4.2","54.3","0.0","0.5","9.1"
"Irv Smith Jr.","HOU","TE109","0.0","0.0","0.0","4.0","33.8","0.3","0.0","9.0"
"Hunter Luepke","DAL","RB130","4.2","14.6","0.1","3.9","27.9","0.1","0.0","8.9"
"Cody White","SEA","WR180","0.0","0.0","0.0","3.4","39.8","0.2","0.0","8.8"
"John Metchie III","HOU","WR181","0.0","0.0","0.0","3.5","39.4","0.2","0.0","8.8"
"Dareke Young","SEA","WR182","0.0","0.0","0.0","3.4","39.8","0.2","0.0","8.7"
"Jalen Brooks","DAL","WR183","0.0","0.0","0.0","3.4","38.7","0.2","0.0","8.7"
"Jordan Watkins","SF","WR184","4.4","15.8","0.1","2.6","33.4","0.1","0.0","8.7"
"Bryce Oliver","TEN","WR185","0.0","0.0","0.0","3.4","38.2","0.2","0.0","8.5"
"Sterling Shepard","TB","WR186","0.0","3.7","0.0","3.4","34.4","0.2","0.0","8.5"
"Lil'Jordan Humphrey","NYG","WR187","0.0","0.0","0.0","4.0","44.0","0.0","0.0","8.4"
"Austin Trammell","JAC","WR188","0.0","0.0","0.0","3.4","40.1","0.2","0.0","8.3"
"Mo Alie-Cox","IND","TE110","0.0","0.0","0.0","3.1","37.0","0.3","0.0","8.3"
"Mitchell Evans","CAR","TE111","0.0","0.0","0.0","4.0","39.7","0.1","0.0","8.3"
"Will Mallory","IND","TE112","0.0","0.0","0.0","3.1","33.8","0.3","0.0","8.3"
"J.J. Taylor","HOU","RB131","0.0","0.0","0.0","4.2","28.0","0.2","0.0","8.3"
"Dominique Dafney","CAR","TE113","0.0","0.0","0.0","3.6","34.6","0.2","0.0","8.1"
"Jamari Thrash","CLE","WR189","0.0","0.0","0.0","3.5","40.5","0.1","0.0","8.0"
"Chris Blair","ATL","WR190","0.0","0.0","0.0","3.2","34.8","0.2","0.0","8.0"
"Eric Gray","NYG","RB132","11.9","42.7","0.2","1.9","14.4","0.1","0.5","7.9"
"David Bell","CLE","WR191","0.0","0.0","0.0","3.9","38.8","0.0","0.0","7.9"
"Dee Eskridge","MIA","WR192","0.0","1.7","0.0","3.0","32.9","0.2","0.0","7.7"
"Durham Smythe","CHI","TE114","0.0","0.0","0.0","3.6","32.2","0.1","0.0","7.6"
"DeeJay Dallas","ARI","RB133","5.8","22.2","0.1","3.2","21.4","0.1","0.5","7.6"
"Devin Duvernay","CHI","WR193","0.0","2.0","0.0","3.5","34.5","0.2","0.5","7.4"
"Kylen Granson","PHI","TE115","0.0","0.0","0.0","3.1","33.4","0.2","0.0","7.4"
"Scotty Miller","PIT","WR194","0.0","0.0","0.0","3.1","37.4","0.1","0.0","7.3"
"Brycen Tremayne","CAR","WR195","0.0","0.0","0.0","3.0","33.0","0.2","0.0","7.3"
"Jashaun Corbin","ATL","RB134","9.3","35.1","0.2","1.5","10.6","0.0","0.0","7.2"
"Darrynton Evans","BUF","RB135","5.1","21.3","0.1","1.9","15.3","0.1","0.0","6.8"
"Mecole Hardman Jr.","GB","WR196","0.0","2.0","0.0","3.0","33.6","0.2","0.5","6.8"
"Tanner Hudson","CIN","TE116","0.0","0.0","0.0","3.0","27.7","0.2","0.0","6.7"
"Tyler Scott","CHI","WR197","0.0","1.7","0.0","2.7","29.4","0.1","0.0","6.6"
"Britain Covey","LAR","WR198","2.2","13.7","0.1","1.8","21.0","0.1","0.0","6.6"
"Nick Nash","ATL","WR199","0.0","0.0","0.0","3.0","35.0","0.0","0.0","6.5"
"Tucker Fisk","LAC","TE117","0.0","0.0","0.0","2.6","25.6","0.1","0.0","5.9"
"Zonovan Knight","ARI","RB136","2.4","10.1","0.1","2.1","15.3","0.1","0.0","5.7"
"Trey Sermon","PIT","RB137","5.0","20.8","0.1","1.6","11.5","0.1","0.0","5.6"
"Ainias Smith","PHI","WR200","0.0","0.0","0.0","2.2","24.7","0.1","0.0","5.5"
"Elijah Dotson","ATL","RB138","2.6","10.9","0.1","2.0","13.9","0.1","0.0","5.5"
"Erick All Jr.","CIN","TE118","0.0","0.0","0.0","2.4","20.4","0.2","0.0","5.4"
"Velus Jones Jr.","NO","WR201","2.4","10.5","0.1","1.9","13.5","0.1","0.0","5.3"
"Terrell Jennings","NE","RB139","2.4","10.1","0.1","1.9","14.6","0.1","0.0","5.2"
"Jack Stoll","NO","TE119","0.0","0.0","0.0","2.5","23.7","0.0","0.0","5.1"
"Isaiah Williams","CIN","WR202","0.0","0.0","0.0","1.9","20.7","0.2","0.0","5.0"
"Ryan Flournoy","DAL","WR203","0.0","0.0","0.0","1.9","20.7","0.1","0.0","4.8"
"Zach Davidson","BUF","TE120","0.0","0.0","0.0","1.9","19.0","0.2","0.0","4.8"
"Laviska Shenault Jr.","BUF","WR204","0.0","0.0","0.0","1.8","19.5","0.1","0.0","4.5"
"David Martin-Robinson","TEN","TE121","0.0","0.0","0.0","1.9","18.6","0.1","0.0","4.5"
"Tank Dell","HOU","WR205","0.0","0.0","0.0","2.0","24.0","0.0","0.0","4.4"
"Isaiah Neyor","GB","WR206","0.0","0.0","0.0","2.0","24.0","0.0","0.0","4.4"
"Feleipe Franks","ATL","QB2","0.0","0.0","0.0","1.8","17.7","0.1","0.0","4.3"
"Trent Sherfield Sr.","DEN","WR207","0.0","0.0","0.0","1.8","20.9","0.1","0.0","4.3"
"Blake Whiteheart","CLE","TE122","0.0","0.0","0.0","1.9","18.1","0.1","0.0","4.3"
"Anthony Gould","IND","WR208","0.0","2.5","0.0","1.7","19.9","0.0","0.0","4.2"
"Steven Sims Jr.","SEA","WR209","0.0","0.0","0.0","1.7","17.9","0.1","0.0","4.2"
"Ashton Dulin","IND","WR210","0.0","1.7","0.0","1.6","19.6","0.1","0.0","4.2"
"James Mitchell","CAR","TE123","0.0","0.0","0.0","1.8","17.4","0.1","0.0","4.1"
"Jacob Cowing","SF","WR211","0.0","8.5","0.0","1.1","15.6","0.1","0.0","4.1"
"Scott Matlock","LAC","DT1","0.0","0.0","0.0","2.2","14.7","0.1","0.0","4.0"
"Tez Johnson","TB","WR212","0.0","0.0","0.0","1.6","19.7","0.1","0.0","3.9"
"Miles Boykin","CHI","WR213","0.0","0.0","0.0","1.6","17.9","0.1","0.0","3.9"
"Zach Pascal","NYG","WR214","0.0","0.0","0.0","1.5","17.7","0.1","0.0","3.7"
"Dylan Laube","LV","RB140","0.0","10.0","0.0","1.5","11.0","0.0","0.0","3.6"
"Jimmy Horn Jr.","CAR","WR215","0.0","0.0","0.0","1.5","18.0","0.0","0.0","3.3"
"Avery Williams","PHI","RB141","1.4","5.7","0.0","1.9","13.2","0.1","0.5","3.1"
"Raheim Sanders","LAC","RB142","0.0","10.5","0.0","1.0","7.5","0.0","0.0","2.8"
"Tyquan Thornton","KC","WR216","0.0","0.0","0.0","1.0","16.0","0.0","0.0","2.6"
"Trey Palmer","TB","WR217","0.0","0.0","0.0","0.9","9.8","0.1","0.0","2.4"
"Carlos Washington Jr.","ATL","RB143","0.0","15.0","0.0","0.5","3.5","0.0","0.0","2.4"
"Trayveon Williams","CLE","RB144","1.2","5.1","0.0","1.0","7.0","0.0","0.0","2.3"
"Braxton Berrios","HOU","WR218","0.0","2.5","0.0","1.0","10.5","0.0","0.0","2.3"
"Nikko Remigio","KC","WR219","0.0","0.0","0.0","0.8","10.2","0.1","0.0","2.3"
"LaJohntay Wester","BAL","WR220","0.0","0.0","0.0","1.0","12.0","0.0","0.0","2.2"
"Nick Vannett","MIN","TE124","0.0","0.0","0.0","1.0","10.0","0.0","0.0","2.0"
"Tyler Badie","DEN","RB145","0.0","10.5","0.0","0.5","3.5","0.0","0.0","1.9"
"Phil Mafah","DAL","RB146","0.0","10.5","0.0","0.5","3.5","0.0","0.0","1.9"
"Keilan Robinson","PHI","RB147","0.0","2.0","0.0","1.0","7.0","0.0","0.0","1.9"
"Jeff Wilson Jr.","SF","RB148","0.0","10.5","0.0","0.5","3.5","0.0","0.0","1.9"
"George Holani","SEA","RB149","0.0","8.5","0.0","0.5","3.5","0.0","0.0","1.7"
"D'Ernest Johnson","BAL","RB150","0.0","8.5","0.0","0.5","3.5","0.0","0.0","1.7"
"Ihmir Smith-Marsette","NYG","WR221","0.0","2.5","0.0","0.8","9.5","0.1","0.5","1.4"
"Xavier Smith","LAR","WR222","0.0","2.5","0.0","1.0","11.0","0.0","0.5","1.4"
"Sione Vaki","DET","RB151","0.0","4.5","0.0","0.5","3.5","0.0","0.0","1.3"
"JaMycal Hasty","NE","RB152","0.0","4.0","0.0","0.5","3.5","0.0","0.0","1.3"
"Chris Moore","WAS","WR223","0.0","0.0","0.0","0.5","7.0","0.0","0.0","1.2"
"Harrison Bryant","PHI","TE125","0.0","0.0","0.0","0.5","5.5","0.0","0.0","1.1"
"Trenton Irwin","JAC","WR224","0.0","5.0","0.0","0.0","0.0","0.0","0.0","0.5"
"Tom Kennedy","DET","WR225","0.0","0.0","0.0","0.0","0.0","0.0","0.0","0.0"
"Mason Kinsey","TEN","WR226","0.0","0.0","0.0","0.0","0.0","0.0","0.0","0.0"
"Laquon Treadwell","IND","WR227","0.0","0.0","0.0","0.0","0.0","0.0","0.0","0.0"
"Trent Taylor","SF","WR228","0.0","0.0","0.0","0.0","0.0","0.0","0.0","0.0"
"Keith Kirkwood","BAL","WR229","0.0","0.0","0.0","0.0","0.0","0.0","0.0","0.0"
"Phillip Dorsett II","LV","WR230","0.0","0.0","0.0","0.0","0.0","0.0","0.0","0.0"
"Equanimeous St. Brown","SF","WR231","0.0","0.0","0.0","0.0","0.0","0.0","0.0","0.0"
"Tyree Jackson","WAS","TE126","0.0","0.0","0.0","0.0","0.0","0.0","0.0","0.0"
"Stephen Carlson","CHI","TE127","0.0","0.0","0.0","0.0","0.0","0.0","0.0","0.0"
"Josiah Deguara","ARI","TE128","0.0","0.0","0.0","0.0","0.0","0.0","0.0","0.0"
"Dalton Keene","HOU","TE129","0.0","0.0","0.0","0.0","0.0","0.0","0.0","0.0"
"Albert Okwuegbunam Jr.","LV","TE130","0.0","0.0","0.0","0.0","0.0","0.0","0.0","0.0"
"Sean McKeon","IND","TE131","0.0","0.0","0.0","0.0","0.0","0.0","0.0","0.0"
"Matt Sokol","BUF","TE132","0.0","0.0","0.0","0.0","0.0","0.0","0.0","0.0"
"Shane Zylstra","DET","TE133","0.0","0.0","0.0","0.0","0.0","0.0","0.0","0.0"
"Tyler Mabry","CAR","TE134","0.0","0.0","0.0","0.0","0.0","0.0","0.0","0.0"
"Ko Kieft","TB","TE135","0.0","0.0","0.0","0.0","0.0","0.0","0.0","0.0"
"Cole Turner","WAS","TE136","0.0","0.0","0.0","0.0","0.0","0.0","0.0","0.0"
"John FitzPatrick","GB","TE137","0.0","0.0","0.0","0.0","0.0","0.0","0.0","0.0"
"Nick Muse","PHI","TE138","0.0","0.0","0.0","0.0","0.0","0.0","0.0","0.0"
"Jake Tonges","SF","TE139","0.0","0.0","0.0","0.0","0.0","0.0","0.0","0.0"
"Nikola Kalinic","ATL","TE140","0.0","0.0","0.0","0.0","0.0","0.0","0.0","0.0"
"Cameron Latu","PHI","TE141","0.0","0.0","0.0","0.0","0.0","0.0","0.0","0.0"
"Justin Shorter","LV","WR232","0.0","0.0","0.0","0.0","0.0","0.0","0.0","0.0"
"Zack Kuntz","NYJ","TE142","0.0","0.0","0.0","0.0","0.0","0.0","0.0","0.0"
"Brayden Willis","SF","TE143","0.0","0.0","0.0","0.0","0.0","0.0","0.0","0.0"
"Ben Sims","GB","TE144","0.0","0.0","0.0","0.0","0.0","0.0","0.0","0.0"
"Princeton Fant","DAL","TE145","0.0","0.0","0.0","0.0","0.0","0.0","0.0","0.0"
"Cole Fotheringham","NE","TE146","0.0","0.0","0.0","0.0","0.0","0.0","0.0","0.0"
"John Stephens Jr.","DAL","WR233","0.0","0.0","0.0","0.0","0.0","0.0","0.0","0.0"
"Colson Yankoff","WAS","TE147","0.0","0.0","0.0","0.0","0.0","0.0","0.0","0.0"
"Thomas Odukoya","TEN","TE148","0.0","0.0","0.0","0.0","0.0","0.0","0.0","0.0"
"E.J. Jenkins","PHI","TE149","0.0","0.0","0.0","0.0","0.0","0.0","0.0","0.0"
"Baylor Cupp","BAL","TE150","0.0","0.0","0.0","0.0","0.0","0.0","0.0","0.0"
"Jack Westover","NE","TE151","0.0","0.0","0.0","0.0","0.0","0.0","0.0","0.0"
"Caleb Lohner","DEN","TE152","0.0","0.0","0.0","0.0","0.0","0.0","0.0","0.0"
"Mitchell Wilcox","MIA","TE153","0.0","0.0","0.0","0.0","0.0","0.0","0.0","0.0"
"Myles Gaskin","BAL","RB153","0.0","0.0","0.0","0.0","0.0","0.0","0.0","0.0"
"Nyheim Miller-Hines","LAC","RB154","0.0","0.0","0.0","0.0","0.0","0.0","0.0","0.0"
"Andrew Beck","NYJ","TE154","0.0","0.0","0.0","0.0","0.0","0.0","0.0","0.0"
"Jakob Johnson","HOU","RB155","0.0","0.0","0.0","0.0","0.0","0.0","0.0","0.0"
"Ke'Shawn Vaughn","SF","RB156","0.0","0.0","0.0","0.0","0.0","0.0","0.0","0.0"
"Salvon Ahmed","IND","RB157","0.0","0.0","0.0","0.0","0.0","0.0","0.0","0.0"
"Reggie Gilliam","BUF","RB158","0.0","0.0","0.0","0.0","0.0","0.0","0.0","0.0"
"Jonathan Ward","NYG","RB159","0.0","0.0","0.0","0.0","0.0","0.0","0.0","0.0"
"Jermar Jefferson","TEN","RB160","0.0","0.0","0.0","0.0","0.0","0.0","0.0","0.0"
"Demetric Felton Jr.","WAS","RB161","0.0","0.0","0.0","0.0","0.0","0.0","0.0","0.0"
"Kene Nwangwu","NYJ","RB162","0.0","0.0","0.0","0.0","0.0","0.0","0.0","0.0"
"Jaret Patterson","LAC","RB163","0.0","0.0","0.0","0.0","0.0","0.0","0.0","0.0"
"Deon Jackson","DET","RB164","0.0","0.0","0.0","0.0","0.0","0.0","0.0","0.0"
"Keaontay Ingram","KC","RB165","0.0","0.0","0.0","0.0","0.0","0.0","0.0","0.0"
"Brittain Brown","CHI","RB166","0.0","0.0","0.0","0.0","0.0","0.0","0.0","0.0"
"Malik Davis","DAL","RB167","0.0","0.0","0.0","0.0","0.0","0.0","0.0","0.0"
"Evan Hull","PIT","RB168","0.0","0.0","0.0","0.0","0.0","0.0","0.0","0.0"
"Lew Nichols III","PIT","RB169","0.0","0.0","0.0","0.0","0.0","0.0","0.0","0.0"
"Deneric Prince","NE","RB170","0.0","0.0","0.0","0.0","0.0","0.0","0.0","0.0"
"Ben VanSumeren","PHI","LB1","0.0","0.0","0.0","0.0","0.0","0.0","0.0","0.0"
"Brady Russell","SEA","TE155","0.0","0.0","0.0","0.0","0.0","0.0","0.0","0.0"
"Owen Wright","TB","RB171","0.0","0.0","0.0","0.0","0.0","0.0","0.0","0.0"
"Jonathon Brooks","CAR","RB172","0.0","0.0","0.0","0.0","0.0","0.0","0.0","0.0"
"Jawhar Jordan","HOU","RB173","0.0","0.0","0.0","0.0","0.0","0.0","0.0","0.0"
"Dante Miller","NYG","RB174","0.0","0.0","0.0","0.0","0.0","0.0","0.0","0.0"
"Blake Watson","DEN","RB175","0.0","0.0","0.0","0.0","0.0","0.0","0.0","0.0"
"Jacob Saylors","DET","RB176","0.0","0.0","0.0","0.0","0.0","0.0","0.0","0.0"
"British Brooks","HOU","RB177","0.0","0.0","0.0","0.0","0.0","0.0","0.0","0.0"
"Cody Schrader","LAR","RB178","0.0","0.0","0.0","0.0","0.0","0.0","0.0","0.0"
"Kendall Milton","CIN","RB179","0.0","0.0","0.0","0.0","0.0","0.0","0.0","0.0"
"Chris Collier","LV","RB180","0.0","0.0","0.0","0.0","0.0","0.0","0.0","0.0"
"Donovan Edwards","NYJ","RB181","0.0","0.0","0.0","0.0","0.0","0.0","0.0","0.0"
"Corey Kiner","SF","RB182","0.0","0.0","0.0","0.0","0.0","0.0","0.0","0.0"
""
""