"Rank","Player","Team","Bye","POS","ESPN","Sleeper","NFL","RTSports","FFC","AVG"
"1","Ja'Marr Chase","CIN","10","WR1","1","1","1","1","","1.0"
"2","Bijan Robinson","ATL","5","RB1","2","3","4","2","","2.6"
"3","Saquon Barkley","PHI","9","RB2","3","2","2","4","","2.8"
"5","Justin Jefferson","MIN","6","WR2","4","4","5","6","","4.8"
"4","Jahmyr Gibbs","DET","8","RB3","5","5","6","3","","4.6"
"6","CeeDee Lamb","DAL","10","WR3","6","6","3","5","","5.2"
"8","Christian McCaffrey","SF","14","RB4","7","13","11","7","","9.4"
"7","Puka Nacua","LAR","8","WR4","8","8","7","10","","9.2"
"9","Amon-Ra St. Brown","DET","8","WR5","9","7","8","11","","9.4"
"10","Malik Nabers","NYG","14","WR6","10","10","10","9","","9.8"
"12","Ashton Jeanty","LV","8","RB6","11","11","12","8","","10.6"
"13","De'Von Achane","MIA","12","RB7","12","15","13","12","","12.0"
"11","Derrick Henry","BAL","7","RB5","13","9","9","13","","10.2"
"14","Nico Collins","HOU","6","WR7","14","12","16","16","","14.8"
"17","A.J. Brown","PHI","9","WR9","15","18","15","23","","18.8"
"15","Brian Thomas Jr.","JAC","8","WR8","16","14","14","15","","15.4"
"20","Jonathan Taylor","IND","11","RB9","17","24","22","19","","20.4"
"16","Josh Jacobs","GB","5","RB8","18","20","18","14","","16.8"
"19","Brock Bowers","LV","8","TE1","19","16","19","20","","19.8"
"22","Josh Allen","BUF","7","QB2","20","21","21","27","","21.2"
"18","Lamar Jackson","BAL","7","QB1","21","22","17","24","","19.8"
"21","Drake London","ATL","5","WR10","22","17","20","21","","20.8"
"23","Bucky Irving","TB","9","RB10","23","19","25","18","","21.2"
"27","Trey McBride","ARI","8","TE2","24","25","26","29","","28.0"
"28","Jayden Daniels","WAS","12","QB3","25","31","27","33","","29.6"
"24","Kyren Williams","LAR","8","RB11","26","28","23","22","","23.6"
"30","Tee Higgins","CIN","10","WR13","27","30","31","36","","30.8"
"34","Jalen Hurts","PHI","9","QB5","28","36","32","44","","34.6"
"29","Tyreek Hill","MIA","12","WR12","29","26","36","26","","30.4"
"25","Ladd McConkey","LAC","12","WR11","30","23","24","28","","26.6"
"33","Joe Burrow","CIN","10","QB4","31","40","35","37","","33.8"
"26","Chase Brown","CIN","10","RB12","32","29","34","17","","26.8"
"31","James Cook","BUF","7","RB13","33","34","28","31","","31.4"
"39","George Kittle","SF","14","TE3","34","38","38","42","","38.2"
"40","Davante Adams","LAR","8","WR16","35","43","41","40","","39.2"
"35","Jaxon Smith-Njigba","SEA","8","WR14","36","27","39","34","","34.8"
"37","Kenneth Walker III","SEA","8","RB16","37","44","40","35","","38.0"
"36","Alvin Kamara","NO","11","RB15","38","41","46","32","","36.8"
"38","Garrett Wilson","NYJ","9","WR15","39","32","37","39","","38.2"
"41","Mike Evans","TB","9","WR17","40","37","33","49","","39.8"
"42","Terry McLaurin","WAS","12","WR18","41","39","29","48","","40.6"
"49","Sam LaPorta","DET","8","TE4","42","49","44","63","","51.0"
"43","Omarion Hampton","LAC","12","RB17","43","42","50","30","","41.4"
"48","DK Metcalf","PIT","5","WR21","44","47","58","52","","49.8"
"44","Marvin Harrison Jr.","ARI","8","WR19","45","35","43","41","","41.8"
"45","Chuba Hubbard","CAR","14","RB18","46","46","52","38","","45.0"
"50","Patrick Mahomes II","KC","10","QB6","47","54","45","62","","51.0"
"32","Breece Hall","NYJ","9","RB14","48","33","30","25","","33.0"
"46","James Conner","ARI","8","RB19","49","51","49","46","","47.2"
"56","Xavier Worthy","KC","10","WR25","50","56","66","66","","57.6"
"61","Baker Mayfield","TB","9","QB7","51","67","60","75","","62.2"
"47","DJ Moore","CHI","5","WR20","52","48","47","47","","49.0"
"60","Zay Flowers","BAL","7","WR26","53","53","69","70","","61.2"
"59","Travis Kelce","KC","10","TE5","54","65","57","64","","60.4"
"62","T.J. Hockenson","MIN","6","TE6","55","58","51","73","","62.6"
"53","Joe Mixon","HOU","6","RB20","56","57","48","65","","56.0"
"55","D'Andre Swift","CHI","5","RB21","57","72","61","45","","57.4"
"52","Rashee Rice","KC","10","WR23","58","45","42","60","","54.0"
"51","Courtland Sutton","DEN","12","WR22","59","50","54","50","","53.2"
"54","DeVonta Smith","PHI","9","WR24","60","52","53","56","","56.0"
"66","Travis Hunter","JAC","8","WR28","61","64","59","71","","65.4"
"57","David Montgomery","DET","8","RB22","62","55","64","57","","58.6"
"70","Calvin Ridley","TEN","10","WR31","63","75","71","61","","68.0"
"68","George Pickens","DAL","10","WR30","64","60","76","69","","66.6"
"58","TreVeyon Henderson","NE","14","RB23","65","66","67","43","","59.4"
"71","Bo Nix","DEN","12","QB8","66","73","65","81","","70.2"
"63","Jameson Williams","DET","8","WR27","67","59","55","67","","63.2"
"74","Mark Andrews","BAL","7","TE7","68","77","56","92","","73.4"
"75","Jaylen Waddle","MIA","12","WR32","69","68","85","78","","76.0"
"83","David Njoku","CLE","9","TE9","70","91","84","109","","87.0"
"76","Jerry Jeudy","CLE","9","WR33","71","71","100","68","","77.0"
"64","Aaron Jones Sr.","MIN","6","RB24","72","69","74","55","","63.8"
"67","Tetairoa McMillan","CAR","14","WR29","73","61","75","53","","66.2"
"69","Isiah Pacheco","KC","10","RB26","74","62","62","59","","66.8"
"81","Rome Odunze","CHI","5","WR36","75","81","92","86","","85.6"
"72","Kaleb Johnson","PIT","5","RB27","76","79","80","54","","72.0"
"82","Kyler Murray","ARI","8","QB9","77","95","81","100","","86.2"
"80","Evan Engram","DEN","12","TE8","78","84","77","87","","85.2"
"85","Cooper Kupp","SEA","8","WR38","79","86","105","84","","88.0"
"135","Houston Texans","DST","6","DST6","80","155","142","159","","138.0"
"65","RJ Harvey","DEN","12","RB25","81","63","72","51","","65.4"
"92","Brock Purdy","SF","14","QB10","82","107","104","125","","101.6"
"124","Pittsburgh Steelers","DST","5","DST4","83","132","129","155","","127.4"
"73","Tony Pollard","TEN","10","RB28","84","78","82","58","","73.0"
"103","Denver Broncos","DST","12","DST1","85","130","83","133","","108.0"
"84","Stefon Diggs","NE","14","WR37","86","90","96","82","","87.8"
"90","Jakobi Meyers","LV","8","WR41","87","82","124","96","","93.6"
"96","Matthew Golden","GB","5","WR43","88","97","122","89","","101.8"
"78","Chris Godwin","TB","9","WR34","89","80","87","79","","81.6"
"79","Chris Olave","NO","11","WR35","90","70","88","74","","82.6"
"126","Jake Bates","DET","8","K3","91","131","103","160","","130.4"
"77","Brian Robinson Jr.","WAS","12","RB29","92","83","90","76","","81.6"
"87","Tyrone Tracy Jr.","NYG","14","RB30","93","87","106","72","","89.4"
"107","Justin Herbert","LAC","12","QB14","94","103","126","127","","112.8"
"99","Brandon Aubrey","DAL","10","K1","95","127","70","124","","104.4"
"86","Deebo Samuel Sr.","WAS","12","WR39","96","85","97","80","","88.2"
"88","Jordan Addison","MIN","6","WR40","97","76","94","85","","89.4"
"106","Tucker Kraft","GB","5","TE11","98","113","117","117","","112.4"
"89","Jaylen Warren","PIT","5","RB31","99","94","108","77","","93.2"
"91","Cam Skattebo","NYG","14","RB32","100","99","98","91","","96.2"
"137","Chase McLaughlin","TB","9","K4","101","135","112","174","","138.2"
"101","Javonte Williams","DAL","10","RB35","102","106","140","90","","106.0"
"102","Dak Prescott","DAL","10","QB12","103","120","119","107","","106.2"
"122","Baltimore Ravens","DST","7","DST3","104","129","120","164","","125.6"
"111","J.K. Dobbins","DEN","12","RB37","105","114","159","93","","114.4"
"139","Minnesota Vikings","DST","6","DST7","106","136","147","172","","140.0"
"95","Khalil Shakir","BUF","7","WR42","107","88","101","105","","101.6"
"121","Cameron Dicker","LAC","12","K2","108","133","79","148","","124.8"
"108","Rhamondre Stevenson","NE","14","RB36","109","119","123","103","","112.8"
"98","Jauan Jennings","SF","14","WR44","110","98","109","94","","103.2"
"100","Ricky Pearsall","SF","14","WR45","111","101","118","97","","105.2"
"123","Keon Coleman","BUF","7","WR50","112","122","144","132","","126.0"
"129","Dallas Goedert","PHI","9","TE15","113","125","132","162","","132.2"
"104","Justin Fields","NYJ","9","QB13","114","143","63","119","","108.6"
"113","Caleb Williams","CHI","5","QB15","115","123","111","110","","116.0"
"125","Michael Pittman Jr.","IND","11","WR51","116","117","174","115","","129.4"
"109","Philadelphia Eagles","DST","9","DST2","117","128","93","145","","113.4"
"112","Colston Loveland","CHI","5","TE12","118","105","114","106","","115.6"
"94","Jared Goff","DET","8","QB11","119","89","99","114","","101.6"
"116","Emeka Egbuka","TB","9","WR47","120","102","155","104","","120.0"
"93","Travis Etienne Jr.","JAC","8","RB33","121","92","116","83","","101.6"
"110","Jayden Reed","GB","5","WR46","122","100","125","111","","114.0"
"105","Tyler Warren","IND","11","TE10","123","93","107","112","","110.0"
"127","Jordan Love","GB","5","QB16","124","126","135","152","","130.6"
"140","Austin Ekeler","WAS","12","RB43","125","167","166","120","","140.4"
"153","Detroit Lions","DST","8","DST8","126","154","146","207","","161.2"
"128","Dalton Kincaid","BUF","7","TE14","127","110","128","147","","132.2"
"171","Keenan Allen","LAC","12","WR60","128","187","250","144","","174.8"
"130","Darnell Mooney","ATL","5","WR52","129","115","172","134","","133.6"
"148","Rashid Shaheed","NO","11","WR54","130","140","183","168","","156.2"
"185","Seattle Seahawks","DST","8","DST11","131","181","177","271","","191.0"
"134","Kyle Pitts Sr.","ATL","5","TE16","132","118","134","135","","137.0"
"144","J.J. McCarthy","MIN","6","QB19","133","149","151","141","","145.4"
"145","Jayden Higgins","HOU","6","WR53","134","116","204","128","","149.2"
"156","Jake Elliott","PHI","9","K8","135","157","130","217","","163.0"
"142","Tank Bigsby","JAC","8","RB44","136","148","208","99","","142.6"
"146","Chris Boswell","PIT","5","K5","137","134","68","200","","150.6"
"120","Josh Downs","IND","11","WR49","138","104","137","116","","124.2"
"138","Jake Ferguson","DAL","10","TE17","139","124","154","130","","138.4"
"141","Drake Maye","NE","14","QB18","140","144","145","139","","140.8"
"114","Jordan Mason","MIN","6","RB38","141","108","148","88","","118.6"
"136","Tyjae Spears","TEN","10","RB42","142","139","176","101","","138.2"
"132","C.J. Stroud","HOU","6","QB17","143","121","131","150","","134.6"
"157","Jerome Ford","CLE","9","RB48","144","176","246","108","","164.0"
"133","Rachaad White","TB","9","RB41","145","145","139","118","","135.6"
"179","Jason Sanders","MIA","12","K10","146","255","110","224","","182.4"
"97","Quinshon Judkins","CLE","9","RB34","147","74","91","98","","102.4"
"154","Harrison Butker","KC","10","K7","148","138","143","194","","162.6"
"196","New England Patriots","DST","14","DST16","149","215","189","261","","205.4"
"131","Buffalo Bills","DST","7","DST5","150","152","95","149","","134.6"
"173","Tyler Bass","BUF","7","K9","151","159","141","248","","176.4"
"119","Zach Charbonnet","SEA","8","RB40","152","112","157","95","","123.8"
"181","Adam Thielen","CAR","14","WR63","153","170","209","199","","184.4"
"158","Trey Benson","ARI","8","RB49","154","168","229","123","","164.4"
"160","Hunter Henry","NE","14","TE19","155","171","170","161","","165.4"
"183","Xavier Legette","CAR","14","WR64","156","190","203","179","","187.6"
"147","Zach Ertz","WAS","12","TE18","157","151","164","169","","152.8"
"118","Brandon Aiyuk","SF","14","WR48","158","109","121","131","","123.4"
"180","Dylan Sampson","CLE","9","RB54","159","175","261","137","","184.0"
"115","Najee Harris","LAC","12","RB39","160","111","113","113","","118.8"
"221","Cam Little","JAC","8","K18","161","249","192","229","","207.8"
"169","Cameron Ward","TEN","10","QB22","162","153","163","214","","174.2"
"164","Tua Tagovailoa","MIA","12","QB21","163","198","194","151","","169.8"
"162","Tyler Allgeier","ATL","5","RB51","164","177","173","143","","167.4"
"175","Matthew Stafford","LAR","8","QB23","165","195","162","237","","179.8"
"220","Tyler Loop","BAL","7","K17","166","160","206","251","","195.8"
"117","Jonnu Smith","PIT","5","TE13","167","96","73","138","","121.2"
"155","Marvin Mims Jr.","DEN","12","WR56","168","147","171","136","","162.8"
"246","Indianapolis Colts","DST","11","DST25","169","281","224","","","224.7"
"218","Matt Gay","WAS","12","K16","170","","179","255","","191.5"
"206","Cedric Tillman","CLE","9","WR68","171","188","315","181","","213.4"
"177","Jack Bech","LV","8","WR62","172","174","226","154","","180.8"
"152","Ka'imi Fairbairn","HOU","6","K6","173","162","89","170","","160.0"
"165","Marquise Brown","KC","10","WR57","174","185","115","167","","171.8"
"284","Cairo Santos","CHI","5","K23","175","","227","","","201.0"
"149","Nick Chubb","HOU","6","RB46","176","146","193","121","","157.2"
"168","Kansas City Chiefs","DST","10","DST10","177","178","136","191","","173.4"
"163","Trevor Lawrence","JAC","8","QB20","178","173","178","157","","167.6"
"211","New York Jets","DST","9","DST20","179","216","210","263","","217.0"
"159","San Francisco 49ers","DST","14","DST9","180","158","78","210","","165.0"
"178","Michael Penix Jr.","ATL","5","QB24","181","182","185","186","","181.2"
"194","New York Giants","DST","14","DST15","182","218","191","238","","202.0"
"166","Rashod Bateman","BAL","7","WR58","183","164","186","184","","172.8"
"167","Luther Burden III","CHI","5","WR59","184","150","213","156","","172.8"
"182","Bryce Young","CAR","14","QB25","185","186","184","193","","186.8"
"195","Evan McPherson","CIN","10","K13","186","179","187","257","","204.8"
"242","Shedeur Sanders","CLE","9","QB30","187","219","211","","","205.7"
"176","Braelon Allen","NYJ","9","RB53","188","189","225","129","","180.4"
"190","Younghoe Koo","ATL","5","K12","189","156","167","267","","196.2"
"143","Jaydon Blue","DAL","10","RB45","190","141","149","102","","143.2"
"188","Green Bay Packers","DST","5","DST12","191","213","190","242","","196.0"
"224","Chig Okonkwo","TEN","10","TE25","192","227","234","188","","210.3"
"219","Tampa Bay Buccaneers","DST","9","DST22","193","180","138","272","","195.8"
"193","Dallas Cowboys","DST","10","DST14","194","252","158","221","","201.4"
"174","Isaiah Likely","BAL","7","TE20","195","166","153","196","","179.4"
"151","Isaac Guerendo","SF","14","RB47","196","165","181","122","","158.8"
"202","Wan'Dale Robinson","NYG","14","WR67","197","196","269","189","","209.6"
"204","Aaron Rodgers","PIT","5","QB27","198","221","195","243","","210.0"
"197","Pat Freiermuth","PIT","5","TE22","199","203","175","236","","206.6"
"150","Tre' Harris","LAC","12","WR55","200","142","160","146","","157.8"
"217","Chicago Bears","DST","5","DST21","201","","86","247","","189.8"
"186","Jaylen Wright","MIA","12","RB55","202","202","232","153","","191.4"
"192","Darren Waller","MIA","12","TE21","203","214","188","234","","199.6"
"223","Brandon McManus","GB","5","K19","204","","202","227","","209.3"
"170","Ray Davis","BUF","7","RB52","205","172","219","126","","174.6"
"208","Arizona Cardinals","DST","8","DST19","206","250","150","246","","215.2"
"191","Washington Commanders","DST","12","DST13","207","137","165","266","","196.6"
"184","Wil Lutz","DEN","12","K11","208","212","133","175","","189.8"
"187","Kyle Williams","NE","14","WR65","209","163","221","195","","195.4"
"207","Los Angeles Rams","DST","8","DST18","210","217","196","219","","213.8"
"199","Sam Darnold","SEA","8","QB26","211","222","198","204","","207.0"
"265","Justin Tucker","","","K22","212","267","278","","","252.3"
"250","Jaxson Dart","NYG","14","QB31","213","235","255","","","234.3"
"216","DeAndre Hopkins","BAL","7","WR70","214","200","182","158","","188.5"
"189","Kareem Hunt","KC","10","RB56","215","197","199","173","","196.0"
"241","Cleveland Browns","DST","9","DST24","216","","127","265","","202.7"
"226","Daniel Carlson","LV","8","K20","217","211","161","260","","212.3"
"213","Will Reichard","MIN","6","K14","218","253","197","270","","233.4"
"214","Jake Moody","SF","14","K15","219","251","201","273","","234.8"
"200","Los Angeles Chargers","DST","12","DST17","220","254","152","241","","208.4"
"240","Cincinnati Bengals","DST","10","DST23","221","","102","264","","195.7"
"231","Dalton Schultz","HOU","6","TE28","222","229","218","233","","225.5"
"205","Geno Smith","LV","8","QB28","223","224","200","225","","211.2"
"161","Bhayshul Tuten","JAC","8","RB50","224","169","156","142","","166.6"
"229","Mike Gesicki","CIN","10","TE26","225","194","252","209","","220.0"
"298","Carolina Panthers","DST","14","DST32","226","","273","","","249.5"
"290","Atlanta Falcons","DST","5","DST31","227","","217","","","222.0"
"198","Jalen McMillan","TB","9","WR66","228","191","215","177","","206.6"
"210","Anthony Richardson Sr.","IND","11","QB29","229","223","216","211","","216.8"
"201","Cade Otton","TB","9","TE23","230","207","205","185","","208.6"
"253","Las Vegas Raiders","DST","8","DST26","231","271","222","","","241.3"
"230","Elijah Arroyo","SEA","8","TE27","232","193","263","206","","223.5"
"287","Jason Myers","SEA","8","K24","233","","180","","","206.5"
"294","Dawson Knox","BUF","7","TE38","234","","248","","","241.0"
"203","Brenton Strange","JAC","8","TE24","235","184","251","176","","209.8"
"297","Graham Gano","NYG","14","K25","236","","258","","","247.0"
"261","Cole Kmet","CHI","5","TE32","237","282","228","","","249.0"
"266","Jacksonville Jaguars","DST","8","DST29","238","284","240","","","254.0"
"252","Joshua Karty","LAR","8","K21","239","","212","268","","239.7"
"249","Tyler Lockett","TEN","10","WR77","240","228","233","","","233.7"
"209","Romeo Doubs","GB","5","WR69","241","208","223","197","","216.0"
"272","Tyler Higbee","LAR","8","TE34","242","297","267","","","268.7"
"264","New Orleans Saints","DST","11","DST28","243","272","238","","","251.0"
"236","Isaac TeSlaa","DET","8","WR74","244","259","243","249","","248.8"
"271","Jalen Milroe","SEA","8","QB33","245","275","281","","","267.0"
"327","Hunter Renfrow","CAR","14","WR101","246","","338","","","292.0"
"350","Harrison Mevis","NYJ","9","K35","247","","396","","","321.5"
"172","Christian Kirk","HOU","6","WR61","248","161","169","166","","176.2"
"306","Dustin Hopkins","CLE","9","K28","249","","282","","","265.5"
"302","Andy Borregales","NE","14","K27","250","","272","","","261.0"
"363","Jermar Jefferson","TEN","10","RB90","251","","418","","","334.5"
"258","Miami Dolphins","DST","12","DST27","252","264","220","","","245.3"
"300","Tank Dell","HOU","6","WR88","253","","249","","","251.0"
"313","Jahan Dotson","PHI","9","WR96","254","","296","","","275.0"
"263","Russell Wilson","NYG","14","QB32","255","263","231","","","249.7"
"267","Tennessee Titans","DST","10","DST30","256","256","270","","","260.7"
"337","Ryan Fitzgerald","CAR","14","K33","257","","360","","","308.5"
"268","Noah Gray","KC","10","TE33","258","283","244","","","261.7"
"304","Kirk Cousins","ATL","5","QB35","259","","266","","","262.5"
"362","Deshaun Watson","CLE","9","QB42","260","","407","","","333.5"
"334","Nick Folk","NYJ","9","K32","261","","349","","","305.0"
"312","Jimmy Horn Jr.","CAR","14","WR95","262","","287","","","274.5"
"237","Taysom Hill","NO","11","TE29","263","315","274","","","251.8"
"398","Jordan Travis","","","QB53","264","","","","","264.0"
"399","Caden Davis","BUF","7","K39","265","","756","","","510.5"
"238","Ja'Tavion Sanders","CAR","14","TE30","266","244","271","259","","260.0"
"299","Blake Grupe","NO","11","K26","267","","235","","","251.0"
"326","Luke Musgrave","GB","5","TE45","268","","310","","","289.0"
"308","JuJu Smith-Schuster","KC","10","WR93","269","","268","","","268.5"
"322","Darnell Washington","PIT","5","TE43","270","","300","","","285.0"
"348","Jameis Winston","NYG","14","QB39","271","","362","","","316.5"
"392","Jude McAtamney","NYG","14","K38","272","","476","","","374.0"
"323","Luke McCaffrey","WAS","12","WR99","273","","298","","","285.5"
"285","Tory Horton","SEA","8","WR85","274","261","373","","","302.7"
"274","Joe Flacco","CLE","9","QB34","275","286","277","","","279.3"
"354","Odell Beckham Jr.","","","WR111","276","","378","","","327.0"
"383","KeAndre Lambert-Smith","LAC","12","WR120","277","","455","","","366.0"
"351","Zamir White","LV","8","RB87","278","","370","","","324.0"
"405","Scott Matlock","LAC","12","DT1","279","","","","","279.0"
"406","John Samuel Shenker","","","TE57","280","","","","","280.0"
"324","AJ Barner","SEA","8","TE44","281","","293","","","287.0"
"407","Mason Crosby","","","K40","282","","","","","282.0"
"366","Joshua Dobbs","NE","14","QB43","283","","409","","","346.0"
"282","Terrance Ferguson","LAR","8","TE36","284","243","344","","","290.3"
"330","Tim Patrick","DET","8","WR103","285","","312","","","298.5"
"355","Tanner McKee","PHI","9","QB41","286","","372","","","329.0"
"377","LaJohntay Wester","BAL","7","WR118","287","","435","","","361.0"
"319","Chad Ryland","ARI","8","K29","288","","276","","","282.0"
"358","Jake Bobo","SEA","8","WR112","289","","374","","","331.5"
"416","Ezekiel Elliott","","","RB98","290","","","","","290.0"
"418","Ben DiNucci","","","QB57","291","","","","","291.0"
"328","Joey Slye","TEN","10","K30","292","","294","","","293.0"
"396","Tommy DeVito","NYG","14","QB52","293","","463","","","378.0"
"331","Joe Milton III","DAL","10","QB36","294","","303","","","298.5"
"281","Noah Fant","CIN","10","TE35","295","324","247","","","288.7"
"333","Spencer Shrader","IND","11","K31","296","","311","","","303.5"
"251","Jalen Royals","KC","10","WR78","297","239","437","239","","303.0"
"340","Austin Hooper","NE","14","TE47","298","","322","","","310.0"
"425","Matt Barkley","","","QB59","299","","","","","299.0"
"369","Quinn Ewers","MIA","12","QB44","300","","400","","","350.0"
"212","Justice Hill","BAL","7","RB57","301","226","230","163","","229.2"
"289","Troy Franklin","DEN","12","WR87","302","289","330","","","307.0"
"357","Julian Hill","MIA","12","TE51","303","","359","","","331.0"
"343","Brock Wright","DET","8","TE48","304","","318","","","311.0"
"433","Dalvin Cook","","","RB103","305","","","","","305.0"
"349","Parker Romo","NE","14","K34","306","","328","","","317.0"
"352","Mack Hollins","NE","14","WR110","307","","345","","","326.0"
"320","Harold Fannin Jr.","CLE","9","TE41","308","278","478","","","354.7"
"311","KaVontae Turpin","DAL","10","WR94","309","","236","","","272.5"
"339","Grant Calcaterra","PHI","9","TE46","310","","309","","","309.5"
"368","J.J. Taylor","HOU","6","RB92","311","","388","","","349.5"
"386","Malik Willis","GB","5","QB47","312","","423","","","367.5"
"303","Kayshon Boutte","NE","14","WR90","313","318","391","","","340.7"
"443","Nathan Rourke","","","QB63","314","","","","","314.0"
"243","Dontayvion Wicks","GB","5","WR75","315","288","299","220","","280.5"
"445","DeWayne McBride","","","RB104","316","","","","","316.0"
"364","Luke Schoonmaker","DAL","10","TE52","317","","354","","","335.5"
"447","Mitchell Evans","CAR","14","TE64","318","","857","","","587.5"
"361","Carson Steele","KC","10","RB89","319","","347","","","333.0"
"370","Kalif Raymond","DET","8","WR115","320","","380","","","350.0"
"356","Josh Oliver","MIN","6","TE50","321","","337","","","329.0"
"393","Hendon Hooker","DET","8","QB51","322","","426","","","374.0"
"374","Mason Rudolph","PIT","5","QB45","323","","383","","","353.0"
"456","Efton Chism III","NE","14","WR149","324","","746","","","535.0"
"401","Kadarius Toney","","","WR124","325","","448","","","386.5"
"346","Elijah Moore","BUF","7","WR108","326","","302","","","314.0"
"452","Equanimeous St. Brown","SF","14","WR146","327","","494","","","410.5"
"391","Trey Lance","LAC","12","QB50","328","","419","","","373.5"
"353","Will Howard","PIT","5","QB40","329","","323","","","326.0"
"415","Jalin Hyatt","NYG","14","WR129","330","","459","","","394.5"
"409","Daniel Bellinger","NYG","14","TE58","331","","452","","","391.5"
"301","Roman Wilson","PIT","5","WR89","332","276","395","","","334.3"
"402","Mitchell Trubisky","BUF","7","QB55","333","","440","","","386.5"
"371","Craig Reynolds","DET","8","RB93","334","","367","","","350.5"
"461","Julio Jones","","","WR151","336","","","","","336.0"
"462","Max Duggan","","","QB65","337","","","","","337.0"
"365","Ty Chandler","MIN","6","RB91","338","","352","","","345.0"
"379","Mecole Hardman Jr.","GB","5","WR119","339","","384","","","361.5"
"345","Will Dissly","LAC","12","TE49","340","","286","","","313.0"
"463","Ja'Corey Brooks","WAS","12","WR152","341","","","","","341.0"
"464","Johnny Wilson","PHI","9","WR153","342","","702","","","522.0"
"372","Robert Woods","PIT","5","WR116","343","","361","","","352.0"
"390","Andy Dalton","CAR","14","QB49","344","","401","","","372.5"
"437","Tez Johnson","TB","9","WR138","345","","462","","","403.5"
"460","Jaylin Lane","WAS","12","WR150","347","","485","","","416.0"
"465","Zach Wilson","MIA","12","QB66","348","","624","","","486.0"
"419","Cooper Rush","BAL","7","QB58","349","","442","","","395.5"
"373","Elijah Higgins","ARI","8","TE53","350","","355","","","352.5"
"467","Leonard Fournette","","","RB108","351","","","","","351.0"
"469","Julius Chestnut","TEN","10","RB109","352","","518","","","435.0"
"470","Raheem Blackshear","CAR","14","RB110","353","","521","","","437.0"
"471","Teddy Bridgewater","TB","9","QB67","354","","558","","","456.0"
"472","Donovan Peoples-Jones","NO","11","WR155","355","","","","","355.0"
"427","Lil'Jordan Humphrey","NYG","14","WR134","356","","443","","","399.5"
"381","Deuce Vaughn","DAL","10","RB94","357","","371","","","364.0"
"474","Khalil Herbert","IND","11","RB111","358","","507","","","432.5"
"475","John Ross","","","WR156","359","","","","","359.0"
"382","Adam Trautman","DEN","12","TE55","360","","368","","","364.0"
"403","Olamide Zaccheaus","CHI","5","WR125","361","","413","","","387.0"
"466","Zane Gonzalez","","","K41","362","","488","","","425.0"
"431","C.J. Ham","MIN","6","RB102","363","","439","","","401.0"
"473","Eddy Pineiro","","","K42","364","","493","","","428.5"
"479","Robbie Chosen","SF","14","WR158","365","","","","","365.0"
"387","Mac Jones","SF","14","QB48","366","","369","","","367.5"
"384","Greg Joseph","","","K37","367","","365","","","366.0"
"359","Jermaine Burton","CIN","10","WR113","368","327","468","","","387.7"
"360","Dameon Pierce","HOU","6","RB88","369","","295","","","332.0"
"481","Stetson Bennett IV","LAR","8","QB69","370","","656","","","513.0"
"468","Tai Felton","MIN","6","WR154","371","","481","","","426.0"
"408","Kendrick Bourne","NE","14","WR126","372","","410","","","391.0"
"446","D.J. Montgomery","IND","11","WR143","373","","444","","","408.5"
"417","Tylan Wallace","BAL","7","WR130","374","","416","","","395.0"
"394","Ainias Smith","PHI","9","WR122","375","","375","","","375.0"
"420","Tommy Tremble","CAR","14","TE61","376","","417","","","396.5"
"376","Spencer Rattler","NO","11","QB46","377","","343","","","360.0"
"293","Theo Johnson","NYG","14","TE37","378","266","331","","","325.0"
"413","Curtis Samuel","BUF","7","WR128","379","","408","","","393.5"
"483","Devontez Walker","BAL","7","WR159","380","","689","","","534.5"
"411","Jimmy Garoppolo","LAR","8","QB56","381","","403","","","392.0"
"486","Braxton Berrios","HOU","6","WR161","382","","765","","","573.5"
"487","Gardner Minshew II","KC","10","QB70","384","","588","","","486.0"
"489","Darrell Henderson Jr.","","","RB115","386","","","","","386.0"
"380","Matthew Wright","CAR","14","K36","387","","339","","","363.0"
"491","Andy Isabella","","","WR162","388","","774","","","581.0"
"493","Dallin Holker","","","TE67","389","","840","","","614.5"
"495","John Bates","WAS","12","TE68","390","","626","","","508.0"
"310","Audric Estime","DEN","12","RB84","391","321","329","","","347.0"
"497","Tyson Bagent","CHI","5","QB71","392","","666","","","529.0"
"498","Jake Browning","CIN","10","QB72","393","","585","","","489.0"
"499","Sam Howell","MIN","6","QB73","394","","641","","","517.5"
"500","Jermaine Jackson","","","WR164","395","","","","","395.0"
"501","Brett Maher","","","K45","396","","","","","396.0"
"502","Savion Williams","GB","5","WR165","397","","548","","","472.5"
"503","Michael Badgley","","","K46","398","","","","","398.0"
"385","Sterling Shepard","TB","9","WR121","399","","334","","","366.5"
"435","Carson Wentz","","","QB61","400","","405","","","402.5"
"504","Gavin Bartholomew","MIN","6","TE70","401","","742","","","571.5"
"400","Drew Lock","SEA","8","QB54","402","","366","","","384.0"
"505","Riley Leonard","IND","11","QB74","403","","549","","","476.0"
"507","Jeremy Ruckert","NYJ","9","TE71","404","","802","","","603.0"
"508","Gunnar Helm","TEN","10","TE72","405","","732","","","568.5"
"509","DJ Chark Jr.","ATL","5","WR166","406","","767","","","586.5"
"414","Mo Alie-Cox","IND","11","TE60","407","","381","","","394.0"
"510","Charlie Jones","CIN","10","WR167","408","","652","","","530.0"
"511","Jaren Hall","","","QB75","409","","","","","409.0"
"512","Jacob Kibodi","","","RB119","410","","","","","410.0"
"454","Patrick Ricard","BAL","7","RB106","411","","411","","","411.0"
"395","Devaughn Vele","DEN","12","WR123","412","","342","","","377.0"
"516","Dorian Thompson-Robinson","PHI","9","QB76","413","","524","","","468.5"
"518","Jamari Thrash","CLE","9","WR170","414","","","","","414.0"
"520","Matt Prater","","","K47","415","","557","","","486.0"
"521","Cade Stover","HOU","6","TE73","416","","538","","","477.0"
"522","Lucky Jackson","MIN","6","WR172","417","","536","","","476.5"
"523","Brady Russell","SEA","8","TE74","418","","672","","","545.0"
"492","Sione Vaki","DET","8","RB117","419","","470","","","444.5"
"524","Phillip Dorsett II","LV","8","WR173","420","","758","","","589.0"
"525","Randy Bullock","","","K48","421","","","","","421.0"
"439","Jarrett Stidham","DEN","12","QB62","422","","385","","","403.5"
"528","Israel Abanikanda","GB","5","RB124","423","","","","","423.0"
"529","Austin Seibert","","","K49","424","","","","","424.0"
"532","Scotty Miller","PIT","5","WR175","425","","589","","","507.0"
"533","Terrace Marshall Jr.","PHI","9","WR176","426","","615","","","520.5"
"451","Damien Martinez","SEA","8","RB105","427","","393","","","410.0"
"535","Damien Harris","","","RB126","428","","","","","428.0"
"539","Jalen Reagor","LAC","12","WR177","429","","606","","","517.5"
"541","Avery Williams","PHI","9","RB129","430","","614","","","522.0"
"543","Desmond Ridder","CIN","10","QB78","431","","513","","","472.0"
"412","Connor Heyward","PIT","5","TE59","432","","353","","","392.5"
"545","Jonathon Brooks","CAR","14","RB131","433","","","","","433.0"
"544","Travis Homer","CHI","5","RB130","434","","498","","","466.0"
"547","Tanner Brown","","","K52","435","","","","","435.0"
"514","George Holani","SEA","8","RB120","436","","475","","","455.5"
"548","Tyler Scott","CHI","5","WR179","437","","809","","","623.0"
"550","Henry Pearson","","","RB133","438","","","","","438.0"
"476","Cade York","","","K43","439","","420","","","429.5"
"317","Michael Mayer","LV","8","TE39","440","326","290","","","352.0"
"553","Laviska Shenault Jr.","BUF","7","WR181","441","","779","","","610.0"
"482","Frank Gore Jr.","BUF","7","RB112","442","","433","","","437.5"
"438","David Moore","CAR","14","WR139","443","","364","","","403.5"
"554","Ryan Tannehill","","","QB79","444","","","","","444.0"
"552","KhaDarel Hodge","ATL","5","WR180","445","","496","","","470.5"
"556","Brayden Narveson","","","K53","446","","","","","446.0"
"557","Gunner Olszewski","NYG","14","WR182","447","","","","","447.0"
"513","Trey Palmer","TB","9","WR168","449","","461","","","455.0"
"559","Skyy Moore","KC","10","WR183","450","","515","","","482.5"
"561","Aaron Shampklin","MIA","12","RB137","451","","","","","451.0"
"562","Tanner Hudson","CIN","10","TE77","452","","578","","","515.0"
"375","Xavier Restrepo","TEN","10","WR117","453","279","480","","","404.0"
"434","Drew Sample","CIN","10","TE62","454","","351","","","402.5"
"551","Cordarrelle Patterson","","","RB134","455","","483","","","469.0"
"477","Marcus Mariota","WAS","12","QB68","456","","404","","","430.0"
"566","Anthony Brown Jr.","","","QB81","457","","","","","457.0"
"568","Charlie Kolar","BAL","7","TE79","458","","514","","","486.0"
"506","Patrick Taylor Jr.","SF","14","RB118","459","","445","","","452.0"
"569","Baylor Cupp","BAL","7","TE80","460","","823","","","641.5"
"570","Tom Kennedy","DET","8","WR184","461","","594","","","527.5"
"571","Melvin Gordon","III","","RB139","462","","","","","462.0"
"572","Kyle Allen","DET","8","QB82","463","","577","","","520.0"
"480","Greg Zuerlein","","","K44","464","","402","","","433.0"
"574","Ihmir Smith-Marsette","NYG","14","WR185","465","","788","","","626.5"
"576","Keith Kirkwood","BAL","7","WR187","466","","579","","","522.5"
"577","Kenyan Drake","","","RB140","467","","","","","467.0"
"579","Donovan Edwards","NYJ","9","RB142","468","","555","","","511.5"
"580","Matt Ammendola","","","K55","469","","","","","469.0"
"450","Demarcus Robinson","SF","14","WR145","470","","350","","","410.0"
"538","Davis Allen","LAR","8","TE75","471","","458","","","464.5"
"584","Isaiah Williams","CIN","10","WR190","472","","833","","","652.5"
"586","Sam Ehlinger","DEN","12","QB83","473","","619","","","546.0"
"588","Riley Patterson","","","K57","474","","511","","","492.5"
"589","Nathan Peterman","","","QB84","475","","","","","475.0"
"591","Isaiah Neyor","GB","5","WR191","476","","661","","","568.5"
"594","Luke Farrell","SF","14","TE82","477","","509","","","493.0"
"595","Rondale Moore","MIN","6","WR192","478","","789","","","633.5"
"488","Jeremy McNichols","WAS","12","RB114","479","","406","","","442.5"
"597","Ian Book","","","QB87","480","","","","","480.0"
"598","Tyler Johnson","NYJ","9","WR193","481","","610","","","545.5"
"599","Trent Sherfield Sr.","DEN","12","WR194","482","","769","","","625.5"
"600","Devin Duvernay","CHI","5","WR195","483","","596","","","539.5"
"602","Tommy Mellott","LV","8","QB89","484","","741","","","612.5"
"603","Nikko Remigio","KC","10","WR196","485","","673","","","579.0"
"605","K.J. Osborn","WAS","12","WR197","486","","605","","","545.5"
"606","Kyle McCord","PHI","9","QB91","487","","663","","","575.0"
"607","Christopher Dunn","","","K59","488","","","","","488.0"
"609","D.J. Williams","","","RB147","489","","845","","","667.0"
"593","Brandon Allen","TEN","10","QB86","490","","487","","","488.5"
"612","Louis Rees-Zammit","","","RB149","491","","694","","","592.5"
"613","Jimmy Graham","","","TE83","492","","","","","492.0"
"590","Josh Johnson","WAS","12","QB85","493","","482","","","487.5"
"615","Jonathan Mingo","DAL","10","WR200","494","","523","","","508.5"
"485","Cam Akers","NO","11","RB113","495","","387","","","441.0"
"617","Miles Boykin","CHI","5","WR201","496","","584","","","540.0"
"619","Matt Corral","","","QB92","497","","","","","497.0"
"620","Charlie Woerner","ATL","5","TE86","498","","608","","","553.0"
"622","Davis Mills","HOU","6","QB93","499","","618","","","558.5"
"702","Dominic Lovett","DET","8","WR236","500","","729","","","614.5"
"215","Rico Dowdle","CAR","14","RB58","","192","214","140","","185.0"
"222","Roschon Johnson","CHI","5","RB59","","206","280","183","","208.0"
"225","Quentin Johnston","LAC","12","WR71","","205","254","230","","211.5"
"227","DeMario Douglas","NE","14","WR72","","201","275","182","","214.0"
"228","Joshua Palmer","BUF","7","WR73","","199","242","203","","215.8"
"232","MarShawn Lloyd","GB","5","RB60","","248","292","205","","238.0"
"233","Raheem Mostert","LV","8","RB61","","257","237","258","","240.3"
"234","Will Shipley","PHI","9","RB62","","230","320","226","","244.3"
"235","Jacory Croskey-Merritt","WAS","12","RB63","","220","358","180","","245.3"
"239","Kendre Miller","NO","11","RB64","","270","356","254","","263.5"
"244","Mason Taylor","NYJ","9","TE31","","204","259","201","","221.3"
"245","Blake Corum","LAR","8","RB65","","210","239","222","","223.7"
"247","Dont'e Thornton Jr.","LV","8","WR76","","183","265","228","","225.3"
"248","Miles Sanders","DAL","10","RB66","","233","256","187","","225.3"
"254","Calvin Austin III","PIT","5","WR79","","236","262","","","242.0"
"255","Alec Pierce","IND","11","WR80","","231","245","252","","242.7"
"256","DJ Giddens","IND","11","RB67","","237","304","190","","243.7"
"257","Zack Moss","","","RB68","","313","207","216","","245.3"
"259","Kyle Monangai","CHI","5","RB69","","241","332","165","","246.0"
"260","Elijah Mitchell","KC","10","RB70","","280","253","213","","248.7"
"262","Keaton Mitchell","BAL","7","RB71","","260","291","198","","249.7"
"269","Woody Marks","HOU","6","RB72","","225","399","171","","265.0"
"270","Trevor Etienne","CAR","14","RB73","","301","264","231","","265.3"
"273","Ollie Gordon II","MIA","12","RB74","","285","316","215","","272.0"
"275","Darius Slayton","NYG","14","WR81","","268","326","245","","279.7"
"276","Brashard Smith","KC","10","RB75","","240","377","235","","284.0"
"277","Jordan James","SF","14","RB76","","273","327","253","","284.3"
"278","Michael Wilson","ARI","8","WR82","","247","341","269","","285.7"
"279","Pat Bryant","DEN","12","WR83","","209","398","256","","287.7"
"280","Jaylin Noel","HOU","6","WR84","","238","376","250","","288.0"
"283","Tahj Brooks","CIN","10","RB77","","258","436","192","","295.3"
"286","Jarquez Hunter","LAR","8","RB78","","232","552","178","","320.7"
"288","Dyami Brown","JAC","8","WR86","","262","389","262","","304.3"
"291","Jaleel McLaughlin","DEN","12","RB79","","294","168","","","231.0"
"292","Samaje Perine","CIN","10","RB80","","","306","","","232.0"
"295","Devin Neal","NO","11","RB81","","242","554","240","","345.3"
"296","A.J. Dillon","PHI","9","RB82","","","288","202","","245.0"
"305","Jalen Nailor","MIN","6","WR91","","","308","218","","263.0"
"307","Ray-Ray McCloud III","ATL","5","WR92","","","324","212","","268.0"
"309","Antonio Gibson","NE","14","RB83","","","317","223","","270.0"
"314","Sean Tucker","TB","9","RB85","","","319","232","","275.5"
"315","Andrei Iosivas","CIN","10","WR97","","269","285","","","277.0"
"316","Elic Ayomanor","TEN","10","WR98","","234","321","","","277.5"
"318","Juwan Johnson","NO","11","TE40","","274","289","","","281.5"
"321","Tyler Conklin","LAC","12","TE42","","307","260","","","283.5"
"325","Diontae Johnson","CLE","9","WR100","","293","283","","","288.0"
"329","Jalen Coker","CAR","14","WR102","","245","348","","","296.5"
"332","Emanuel Wilson","GB","5","RB86","","","357","244","","300.5"
"335","Tyler Shough","NO","11","QB37","","277","333","","","305.0"
"336","Adonai Mitchell","IND","11","WR104","","265","346","","","305.5"
"338","Tutu Atwell","LAR","8","WR105","","303","314","","","308.5"
"341","Marquez Valdes-Scantling","SEA","8","WR106","","308","313","","","310.5"
"342","Daniel Jones","IND","11","QB38","","287","335","","","311.0"
"344","Amari Cooper","","","WR107","","246","379","","","312.5"
"347","Christian Watson","GB","5","WR109","","292","340","","","316.0"
"367","Jordan Whittington","LAR","8","WR114","","304","394","","","349.0"
"378","Ben Sinnott","WAS","12","TE54","","291","432","","","361.5"
"388","Oronde Gadsden II","LAC","12","TE56","","290","450","","","370.0"
"389","Kyle Juszczyk","SF","14","RB95","","","241","","","241.0"
"397","Devin Singletary","NYG","14","RB96","","","257","","","257.0"
"404","Kenneth Gainwell","PIT","5","RB97","","","279","","","279.0"
"410","Jalen Tolbert","DAL","10","WR127","","","284","","","284.0"
"421","Gabe Nabers","","","RB99","","295","","","","295.0"
"422","Andre Roberts","","","WR131","","296","","","","296.0"
"423","Tre Tucker","LV","8","WR132","","","297","","","297.0"
"424","Jaydon Mickens","","","WR133","","298","","","","298.0"
"426","Kyle Shurmur","","","QB60","","299","","","","299.0"
"428","Amar Johnson","GB","5","RB100","","300","873","","","586.5"
"429","Nick Westbrook-Ikhine","MIA","12","WR135","","","301","","","301.0"
"430","Godwin Igwebuike","","","RB101","","302","","","","302.0"
"432","Brandin Cooks","NO","11","WR136","","","305","","","305.0"
"436","Allen Lazard","NYJ","9","WR137","","","307","","","307.0"
"440","Jalen Hurd","","","WR140","","309","","","","309.0"
"441","Cornelius Johnson","GB","5","WR141","","310","817","","","563.5"
"442","Deonte Harty","","","WR142","","312","","","","312.0"
"444","Erick All Jr.","CIN","10","TE63","","314","690","","","502.0"
"448","Jack Stoll","NO","11","TE65","","319","628","","","473.5"
"449","Jakeem Grant Sr.","","","WR144","","320","","","","320.0"
"453","Jalen Guyton","","","WR147","","322","","","","322.0"
"455","John Stephens Jr.","DAL","10","WR148","","323","","","","323.0"
"457","Ty Johnson","BUF","7","RB107","","","325","","","325.0"
"458","John Lovett","","","QB64","","325","","","","325.0"
"459","Tyree Mayfield","","","TE66","","328","","","","328.0"
"478","Noah Brown","WAS","12","WR157","","","363","","","363.0"
"484","Justin Watson","HOU","6","WR160","","","382","","","382.0"
"490","Clyde Edwards-Helaire","NO","11","RB116","","","386","","","386.0"
"494","Parker Washington","JAC","8","WR163","","","390","","","390.0"
"496","E.J. Jenkins","PHI","9","TE69","","","392","","","392.0"
"515","Greg Dortch","ARI","8","WR169","","","412","","","412.0"
"517","Darrynton Evans","BUF","7","RB121","","","414","","","414.0"
"519","Van Jefferson","TEN","10","WR171","","","415","","","415.0"
"526","Tyler Goodson","IND","11","RB122","","","421","","","421.0"
"527","Hassan Haskins","LAC","12","RB123","","","422","","","422.0"
"530","John Metchie III","HOU","6","WR174","","","424","","","424.0"
"531","Sincere McCormick","LV","8","RB125","","","425","","","425.0"
"534","Anders Carlson","","","K50","","","427","","","427.0"
"536","Aidan O'Connell","LV","8","QB77","","","428","","","428.0"
"537","Hunter Luepke","DAL","10","RB127","","","429","","","429.0"
"540","Chris Brooks","GB","5","RB128","","","430","","","430.0"
"542","Jacob Cowing","SF","14","WR178","","","431","","","431.0"
"546","Lenny Krieg","ATL","5","K51","","","434","","","434.0"
"549","Michael Burton","DEN","12","RB132","","","438","","","438.0"
"555","Colby Parkinson","LAR","8","TE76","","","446","","","446.0"
"558","Trey Sermon","PIT","5","RB135","","","449","","","449.0"
"560","Tyler Badie","DEN","12","RB136","","","451","","","451.0"
"563","Kenny Pickett","CLE","9","QB80","","","453","","","453.0"
"564","Tyrion Davis-Price","GB","5","RB138","","","454","","","454.0"
"565","Josh Whyle","TEN","10","TE78","","","456","","","456.0"
"567","Ben Sauls","PIT","5","K54","","","457","","","457.0"
"573","Nate Adkins","DEN","12","TE81","","","464","","","464.0"
"575","Mitch Van Vooren","CLE","9","WR186","","","466","","","466.0"
"578","Rasheen Ali","BAL","7","RB141","","","467","","","467.0"
"581","Ryan Flournoy","DAL","10","WR188","","","469","","","469.0"
"582","Malik Washington","MIA","12","WR189","","","471","","","471.0"
"583","Charlie Smyth","NO","11","K56","","","472","","","472.0"
"585","Kimani Vidal","LAC","12","RB143","","","473","","","473.0"
"587","Kendall Milton","CIN","10","RB144","","","474","","","474.0"
"592","Jonathan Kim","CHI","5","K58","","","477","","","477.0"
"596","Jalen White","GB","5","RB145","","","479","","","479.0"
"601","Taylor Heinicke","LAC","12","QB88","","","484","","","484.0"
"604","Jacoby Brissett","ARI","8","QB90","","","486","","","486.0"
"608","Jamaal Williams","","","RB146","","","489","","","489.0"
"610","Dare Ogunbowale","HOU","6","RB148","","","490","","","490.0"
"611","Michael Gallup","WAS","12","WR198","","","491","","","491.0"
"614","Dante Pettis","NO","11","WR199","","","492","","","492.0"
"616","Ian Thomas","LV","8","TE84","","","495","","","495.0"
"618","Foster Moreau","NO","11","TE85","","","497","","","497.0"
"621","Isaiah Hodgins","SF","14","WR202","","","499","","","499.0"
"623","Giovanni Ricci","MIN","6","TE87","","","500","","","500.0"
"624","Harrison Bryant","PHI","9","TE88","","","501","","","501.0"
"625","Jonathan Ward","NYG","14","RB150","","","502","","","502.0"
"626","Mark McNamee","GB","5","K60","","","503","","","503.0"
"627","Ryan","Coe","","K61","","","504","","","504.0"
"628","Tim Jones","MIN","6","WR203","","","505","","","505.0"
"629","Kenny Yeboah","DET","8","TE89","","","506","","","506.0"
"630","Kylen Granson","PHI","9","TE90","","","508","","","508.0"
"631","Ben Skowronek","PIT","5","WR204","","","510","","","510.0"
"632","Jaret Patterson","LAC","12","RB151","","","512","","","512.0"
"633","Skylar Thompson","PIT","5","QB94","","","516","","","516.0"
"634","Tyquan Thornton","KC","10","WR205","","","517","","","517.0"
"635","Kevin Austin Jr.","NO","11","WR206","","","519","","","519.0"
"636","Stone Smartt","NYJ","9","TE91","","","520","","","520.0"
"637","Justin Shorter","LV","8","WR207","","","522","","","522.0"
"638","Xavier Hutchinson","HOU","6","WR208","","","526","","","526.0"
"639","Derius Davis","LAC","12","WR209","","","527","","","527.0"
"640","Payne Durham","TB","9","TE92","","","528","","","528.0"
"641","Chris Rodriguez Jr.","WAS","12","RB152","","","529","","","529.0"
"642","Jordan Mims","TEN","10","RB153","","","530","","","530.0"
"643","Emari Demercado","ARI","8","RB154","","","531","","","531.0"
"644","Winston Wright","","","WR210","","","532","","","532.0"
"645","Malik Knowles","","","WR211","","","533","","","533.0"
"646","Ryan Miller","TB","9","WR212","","","534","","","534.0"
"647","Caden Prieskorn","DEN","12","TE93","","","535","","","535.0"
"648","Darius Cooper","PHI","9","WR213","","","537","","","537.0"
"649","Jaheim Bell","NE","14","TE94","","","539","","","539.0"
"650","Ja'Lynn Polk","NE","14","WR214","","","540","","","540.0"
"651","Isaiah Davis","NYJ","9","RB155","","","541","","","541.0"
"652","Blake Watson","DEN","12","RB156","","","542","","","542.0"
"653","Jabari Small","","","RB157","","","543","","","543.0"
"654","Terique Owens","SF","14","WR215","","","544","","","544.0"
"655","Terrell Jennings","NE","14","RB158","","","545","","","545.0"
"656","Dillon Gabriel","CLE","9","QB95","","","546","","","546.0"
"657","Phil Mafah","DAL","10","RB159","","","547","","","547.0"
"658","Patrick Herbert","JAC","8","TE95","","","550","","","550.0"
"659","Tre Watson","KC","10","TE96","","","551","","","551.0"
"660","Cam Miller","LV","8","QB96","","","553","","","553.0"
"661","Tyrod Taylor","NYJ","9","QB97","","","556","","","556.0"
"662","Nelson Agholor","","","WR216","","","560","","","560.0"
"663","DeAndre Carter","CLE","9","WR217","","","561","","","561.0"
"664","Laquon Treadwell","IND","11","WR218","","","562","","","562.0"
"665","Zay Jones","ARI","8","WR219","","","563","","","563.0"
"666","Eric Saubert","SEA","8","TE97","","","564","","","564.0"
"667","Josh Reynolds","NYJ","9","WR220","","","565","","","565.0"
"668","Jamal Agnew","ATL","5","WR221","","","566","","","566.0"
"669","Johnny Mundt","JAC","8","TE98","","","567","","","567.0"
"670","Zach Pascal","NYG","14","WR222","","","568","","","568.0"
"671","Nick Mullens","JAC","8","QB98","","","569","","","569.0"
"672","Pharaoh Brown","MIA","12","TE99","","","570","","","570.0"
"673","Hayden Hurst","","","TE100","","","571","","","571.0"
"674","John Kelly Jr.","","","RB160","","","572","","","572.0"
"675","Anthony Miller","BAL","7","WR223","","","573","","","573.0"
"676","Durham Smythe","CHI","5","TE101","","","574","","","574.0"
"677","Jeff Wilson Jr.","SF","14","RB161","","","575","","","575.0"
"678","Ross Dwelley","SF","14","TE102","","","576","","","576.0"
"679","Alec Ingold","MIA","12","RB162","","","580","","","580.0"
"680","Kelvin Harmon","","","WR224","","","582","","","582.0"
"681","Trayveon Williams","CLE","9","RB163","","","583","","","583.0"
"682","Ashton Dulin","IND","11","WR225","","","586","","","586.0"
"683","Irv Smith Jr.","HOU","6","TE103","","","587","","","587.0"
"684","Jakob Johnson","HOU","6","RB164","","","590","","","590.0"
"685","Trenton Irwin","JAC","8","WR226","","","591","","","591.0"
"686","Malik Taylor","DET","8","WR227","","","592","","","592.0"
"687","Steven Sims Jr.","SEA","8","WR228","","","593","","","593.0"
"688","Jordan Watkins","SF","14","WR229","","","595","","","595.0"
"689","Tyler Huntley","CLE","9","QB99","","","597","","","597.0"
"690","James Proche II","TEN","10","WR230","","","598","","","598.0"
"691","Sean McKeon","IND","11","TE104","","","599","","","599.0"
"692","Max Hurleman","PIT","5","CB1","","","600","","","600.0"
"693","Nick Kallerup","SEA","8","TE105","","","601","","","601.0"
"694","Quintez Cephus","HOU","6","WR231","","","602","","","602.0"
"695","Cody White","SEA","8","WR232","","","603","","","603.0"
"696","Trishton Jackson","ARI","8","WR233","","","604","","","604.0"
"697","JaMycal Hasty","NE","14","RB165","","","607","","","607.0"
"698","DeeJay Dallas","ARI","8","RB166","","","609","","","609.0"
"699","Mason Kinsey","TEN","10","WR234","","","611","","","611.0"
"700","JJ Galbreath","PIT","5","TE106","","","612","","","612.0"
"701","Tarik Black","MIA","12","WR235","","","613","","","613.0"
"703","Demetric Felton Jr.","WAS","12","RB167","","","616","","","616.0"
"704","Dez Fitzpatrick","LAC","12","WR237","","","617","","","617.0"
"705","Zach Davidson","BUF","7","TE107","","","620","","","620.0"
"706","Kawaan Baker","","","WR238","","","621","","","621.0"
"707","Gary Brightwell","CIN","10","RB168","","","622","","","622.0"
"708","Michael Carter","ARI","8","RB169","","","623","","","623.0"
"709","Kyle Trask","TB","9","QB100","","","625","","","625.0"
"710","Austin Trammell","JAC","8","WR239","","","627","","","627.0"
"711","Shane Zylstra","DET","8","TE108","","","629","","","629.0"
"712","John FitzPatrick","GB","5","TE109","","","630","","","630.0"
"713","Michael Woods","II","","WR240","","","631","","","631.0"
"714","Montrell Washington","NYG","14","WR241","","","632","","","632.0"
"715","Treylon Burks","TEN","10","WR242","","","633","","","633.0"
"716","Drew Ogletree","IND","11","TE110","","","634","","","634.0"
"717","Nick Muse","PHI","9","TE111","","","635","","","635.0"
"718","Pierre Strong Jr.","CLE","9","RB170","","","636","","","636.0"
"719","Bailey Zappe","KC","10","QB101","","","637","","","637.0"
"720","Zonovan Knight","ARI","8","RB171","","","638","","","638.0"
"721","Britain Covey","LAR","8","WR243","","","639","","","639.0"
"722","Bo Melton","GB","5","WR244","","","640","","","640.0"
"723","Justyn Ross","","","WR245","","","642","","","642.0"
"724","Kendric Pryor","CIN","10","WR246","","","643","","","643.0"
"725","Kaden Davis","CLE","9","WR247","","","644","","","644.0"
"726","Brandon Johnson","PIT","5","WR248","","","645","","","645.0"
"727","Seth Green","","","TE112","","","646","","","646.0"
"728","Braylon Sanders","WAS","12","WR249","","","647","","","647.0"
"729","Lucas Krull","DEN","12","TE113","","","648","","","648.0"
"730","Jashaun Corbin","ATL","5","RB172","","","649","","","649.0"
"731","Ronnie Rivers","LAR","8","RB173","","","650","","","650.0"
"732","Tucker Fisk","LAC","12","TE114","","","651","","","651.0"
"733","Jalen Brooks","DAL","10","WR250","","","653","","","653.0"
"734","Sean Clifford","GB","5","QB102","","","654","","","654.0"
"735","Evan Hull","PIT","5","RB174","","","655","","","655.0"
"736","Zach Evans","","","RB175","","","657","","","657.0"
"737","Dresser Winn","LAR","8","QB103","","","658","","","658.0"
"738","Xavier Smith","LAR","8","WR251","","","659","","","659.0"
"739","Jake Haener","NO","11","QB104","","","660","","","660.0"
"740","DJ Uiagalelei","LAC","12","QB105","","","662","","","662.0"
"741","Ronnie Bell","DET","8","WR252","","","664","","","664.0"
"742","Brayden Willis","SF","14","TE115","","","665","","","665.0"
"743","Andre Szmyt","CLE","9","K62","","","667","","","667.0"
"744","Malik Heath","GB","5","WR253","","","668","","","668.0"
"745","Zavier Scott","MIN","6","WR254","","","669","","","669.0"
"746","Xavier Gipson","NYJ","9","WR255","","","670","","","670.0"
"747","Ben VanSumeren","PHI","9","LB1","","","671","","","671.0"
"748","Carlos Washington Jr.","ATL","5","RB176","","","674","","","674.0"
"749","Shedrick Jackson","LV","8","WR256","","","675","","","675.0"
"750","Jalen Cropper","DAL","10","WR257","","","676","","","676.0"
"751","Tyrone Broden","SEA","8","WR258","","","679","","","679.0"
"752","Blake Whiteheart","CLE","9","TE116","","","680","","","680.0"
"753","Thayer Thomas","MIN","6","WR259","","","681","","","681.0"
"754","Johnny Lumpkin","GB","5","TE117","","","682","","","682.0"
"755","Tyrell Shavers","BUF","7","WR260","","","683","","","683.0"
"756","Rakim Jarrett","TB","9","WR261","","","684","","","684.0"
"757","Kazmeir Allen","WAS","12","WR262","","","685","","","685.0"
"758","Jase McClellan","TB","9","RB177","","","686","","","686.0"
"759","Casey Washington","ATL","5","WR263","","","687","","","687.0"
"760","Devin Leary","BAL","7","QB106","","","688","","","688.0"
"761","Tanner McLachlan","CIN","10","TE118","","","691","","","691.0"
"762","Jawhar Jordan","HOU","6","RB178","","","692","","","692.0"
"763","Keilan Robinson","PHI","9","RB179","","","693","","","693.0"
"764","Jared Wiley","KC","10","TE119","","","695","","","695.0"
"765","Dylan Laube","LV","8","RB180","","","696","","","696.0"
"766","Tahj Washington","MIA","12","WR264","","","697","","","697.0"
"767","Javon Baker","NE","14","WR265","","","698","","","698.0"
"768","Bub Means","NO","11","WR266","","","699","","","699.0"
"769","Dante Miller","NYG","14","RB181","","","700","","","700.0"
"770","Malachi Corley","NYJ","9","WR267","","","701","","","701.0"
"771","Tip Reiman","ARI","8","TE120","","","703","","","703.0"
"772","Devin Culp","TB","9","TE121","","","704","","","704.0"
"773","McCallan Castles","LAR","8","TE122","","","705","","","705.0"
"774","Emani Bailey","CAR","14","RB182","","","706","","","706.0"
"775","Austin Reed","CHI","5","QB107","","","707","","","707.0"
"776","Mason Tipton","NO","11","WR268","","","708","","","708.0"
"777","David Martin-Robinson","TEN","10","TE123","","","709","","","709.0"
"778","Bryce Oliver","TEN","10","WR269","","","710","","","710.0"
"779","Tanner Mordecai","","","QB108","","","711","","","711.0"
"780","Mason Pline","NO","11","TE124","","","712","","","712.0"
"781","Cody Schrader","LAR","8","RB183","","","713","","","713.0"
"782","Sam Hartman","WAS","12","QB109","","","714","","","714.0"
"783","Colson Yankoff","WAS","12","TE125","","","715","","","715.0"
"784","Drake Stoops","LAR","8","WR270","","","716","","","716.0"
"785","Geor'Quarius Spivey","KC","10","TE126","","","717","","","717.0"
"786","Alex Hale","","","K63","","","718","","","718.0"
"787","Jahmal Banks","BAL","7","WR271","","","719","","","719.0"
"788","Xavier Guillory","BAL","7","WR272","","","720","","","720.0"
"789","Marcus Major Jr.","BAL","7","RB184","","","721","","","721.0"
"790","Kayron Lynch-Adams","CAR","14","RB185","","","722","","","722.0"
"791","Jahdae Walker","CHI","5","WR273","","","723","","","723.0"
"792","Luke Floriea","","","WR274","","","724","","","724.0"
"793","Rivaldo Fairweather","DAL","10","TE127","","","725","","","725.0"
"794","Traeshon Holden","DAL","10","WR275","","","726","","","726.0"
"795","Courtney Jackson","DEN","12","WR276","","","727","","","727.0"
"796","Caleb Lohner","DEN","12","TE128","","","728","","","728.0"
"797","Graham Mertz","HOU","6","QB110","","","733","","","733.0"
"798","Maddux Trujillo","IND","11","K64","","","734","","","734.0"
"799","Ja'Quinden Jackson","JAC","8","RB186","","","735","","","735.0"
"800","Elijhah Badger","KC","10","WR277","","","736","","","736.0"
"801","Jake Briningstool","KC","10","TE129","","","737","","","737.0"
"802","Elijah Young","KC","10","RB187","","","738","","","738.0"
"803","Tru Edwards","LAR","8","WR278","","","739","","","739.0"
"804","Konata Mumpfield","LAR","8","WR279","","","740","","","740.0"
"805","Silas Bolden","MIN","6","WR280","","","743","","","743.0"
"806","Max Brosmer","MIN","6","QB111","","","744","","","744.0"
"807","Ben Yurosek","MIN","6","TE130","","","745","","","745.0"
"808","Brock Lampe","NE","14","RB188","","","747","","","747.0"
"809","Gee Scott Jr.","NE","14","TE131","","","748","","","748.0"
"810","Moochie Dixon","NO","11","WR281","","","749","","","749.0"
"811","Chris Tyree","NO","11","RB189","","","750","","","750.0"
"812","Marcus Yarns","NO","11","RB190","","","751","","","751.0"
"813","Dalen Cambre","NYG","14","WR282","","","752","","","752.0"
"814","Beaux Collins","NYG","14","WR283","","","753","","","753.0"
"815","Thomas Fidone II","NYG","14","TE132","","","754","","","754.0"
"816","Brady Cook","NYJ","9","QB112","","","755","","","755.0"
"817","Arian Smith","NYJ","9","WR284","","","757","","","757.0"
"818","Nick Vannett","MIN","6","TE133","","","759","","","759.0"
"819","Gerald Everett","","","TE134","","","760","","","760.0"
"820","Robert Tonyan","KC","10","TE135","","","761","","","761.0"
"821","Mike White","BUF","7","QB113","","","763","","","763.0"
"822","Cedrick Wilson Jr.","NO","11","WR285","","","764","","","764.0"
"823","Deon Cain","BUF","7","WR286","","","766","","","766.0"
"824","Russell Gage Jr.","SF","14","WR287","","","768","","","768.0"
"825","John Wolford","JAC","8","QB114","","","770","","","770.0"
"826","Will Grier","DAL","10","QB115","","","771","","","771.0"
"827","Tyree Jackson","WAS","12","TE136","","","772","","","772.0"
"828","Andrew Beck","NYJ","9","TE137","","","773","","","773.0"
"829","David Sills","ATL","5","WR288","","","775","","","775.0"
"830","Matt Sokol","","","TE138","","","776","","","776.0"
"831","Alex Bachman","LV","8","WR289","","","777","","","777.0"
"832","Collin Johnson","LV","8","WR290","","","778","","","778.0"
"833","Chase Claypool","","","WR291","","","780","","","780.0"
"834","Salvon Ahmed","IND","11","RB191","","","781","","","781.0"
"835","Marquez Callaway","LV","8","WR292","","","782","","","782.0"
"836","Dominique Dafney","CAR","14","TE139","","","783","","","783.0"
"837","Chris Blair","ATL","5","WR293","","","784","","","784.0"
"838","Seth Williams","LV","8","WR294","","","785","","","785.0"
"839","Hunter Long","JAC","8","TE140","","","786","","","786.0"
"840","Kene Nwangwu","NYJ","9","RB192","","","787","","","787.0"
"841","Dee Eskridge","MIA","12","WR295","","","790","","","790.0"
"842","Feleipe Franks","ATL","5","QB116","","","791","","","791.0"
"843","Michael Bandy","DEN","12","WR296","","","792","","","792.0"
"844","Michael Jacobson","NO","11","TE141","","","793","","","793.0"
"845","Velus Jones Jr.","NO","11","WR297","","","794","","","794.0"
"846","Jake Tonges","SF","14","TE142","","","795","","","795.0"
"847","Greg Dulcich","NYG","14","TE143","","","796","","","796.0"
"848","Samori Toure","CHI","5","WR298","","","797","","","797.0"
"849","Teagan Quitoriano","ATL","5","TE144","","","798","","","798.0"
"850","Jelani Woods","IND","11","TE145","","","799","","","799.0"
"851","Erik Ezukanma","MIA","12","WR299","","","800","","","800.0"
"852","Irvin Charles","NYJ","9","WR300","","","801","","","801.0"
"853","Chris Oladokun","KC","10","QB117","","","803","","","803.0"
"854","Dareke Young","SEA","8","WR301","","","804","","","804.0"
"855","Ko Kieft","TB","9","TE146","","","805","","","805.0"
"856","Zaire Mitchell-Paden","BAL","7","TE147","","","806","","","806.0"
"857","Jalen Virgil","BUF","7","WR302","","","807","","","807.0"
"858","Tanner Conner","MIA","12","TE148","","","808","","","808.0"
"859","Lew Nichols III","PIT","5","RB193","","","810","","","810.0"
"860","Ontaria Wilson","NYJ","9","WR303","","","811","","","811.0"
"861","Tanner Taula","TB","9","TE149","","","812","","","812.0"
"862","Jaden Smith","TB","9","WR304","","","813","","","813.0"
"863","Michael Pratt","","","QB118","","","814","","","814.0"
"864","Jha'Quan Jackson","TEN","10","WR305","","","815","","","815.0"
"865","Anthony Gould","IND","11","WR306","","","816","","","816.0"
"866","Brenden Rice","LAC","12","WR307","","","818","","","818.0"
"867","Chris Collier","LV","8","RB194","","","819","","","819.0"
"868","Dayton Wade","BAL","7","WR308","","","820","","","820.0"
"869","Messiah Swinson","GB","5","TE150","","","821","","","821.0"
"870","Julian Hicks","GB","5","WR309","","","822","","","822.0"
"871","JaQuae Jackson","LAC","12","WR310","","","824","","","824.0"
"872","Xavier Johnson","HOU","6","WR311","","","825","","","825.0"
"873","Jack Plummer","CAR","14","QB119","","","826","","","826.0"
"874","Brenden Bates","CLE","9","TE151","","","827","","","827.0"
"875","Ian Wheeler","CHI","5","RB195","","","828","","","828.0"
"876","Cole Burgess","CIN","10","WR312","","","829","","","829.0"
"877","Cam Grandy","CIN","10","TE152","","","830","","","830.0"
"878","Brevyn Spann-Ford","DAL","10","TE153","","","831","","","831.0"
"879","Thomas Yassmin","LAC","12","TE154","","","832","","","832.0"
"880","Jason Bean","IND","11","QB120","","","834","","","834.0"
"881","Kedon Slovis","HOU","6","QB121","","","835","","","835.0"
"882","Joshua Cephus","JAC","8","WR313","","","836","","","836.0"
"883","Carter Bradley","SF","14","QB122","","","838","","","838.0"
"884","Jeshaun Jones","MIN","6","WR314","","","839","","","839.0"
"885","Xavier Weaver","ARI","8","WR315","","","841","","","841.0"
"886","John Jiles","NE","14","WR316","","","842","","","842.0"
"887","John Rhys Plumlee","SEA","8","QB123","","","843","","","843.0"
"888","Kameron Johnson","TB","9","WR317","","","844","","","844.0"
"889","British Brooks","HOU","6","RB196","","","846","","","846.0"
"890","Neal Johnson","NYJ","9","TE155","","","847","","","847.0"
"891","Hayden Rucci","MIA","12","TE156","","","848","","","848.0"
"892","Jaelen Gill","","","WR318","","","849","","","849.0"
"893","Kevin Foelsch","PIT","5","TE157","","","850","","","850.0"
"894","Nick Nash","ATL","5","WR319","","","852","","","852.0"
"895","Joshua Simon","ATL","5","TE158","","","853","","","853.0"
"896","Lucas Scott","BAL","7","RB197","","","854","","","854.0"
"897","Keleki Latu","BUF","7","TE159","","","856","","","856.0"
"898","Deion Hankins","CHI","5","RB198","","","858","","","858.0"
"899","Quali Conley","CIN","10","RB199","","","859","","","859.0"
"900","Jamoi Mayes","CIN","10","WR320","","","860","","","860.0"
"901","Payton Thorne","CIN","10","QB124","","","862","","","862.0"
"902","Gage Larvadain","CLE","9","WR321","","","863","","","863.0"
"903","Josh Kelly","DAL","10","WR322","","","864","","","864.0"
"904","Tyler Neville","DAL","10","TE160","","","865","","","865.0"
"905","Jerjuan Newton","DEN","12","WR323","","","866","","","866.0"
"906","Kyrese Rowan","DEN","12","WR324","","","867","","","867.0"
"907","Zach Horton","DET","8","TE161","","","868","","","868.0"
"908","Jakobie Keeney-James","DET","8","WR325","","","869","","","869.0"
"909","Jackson Meeks","DET","8","WR326","","","870","","","870.0"
"910","Anthony Tyus III","SEA","8","RB200","","","871","","","871.0"
"911","Taylor Elgersma","GB","5","QB125","","","872","","","872.0"
"912","Drake Dabney","TEN","10","TE162","","","874","","","874.0"
"913","Chimere Dike","TEN","10","WR327","","","875","","","875.0"
"914","Kalel Mullings","TEN","10","RB201","","","876","","","876.0"
"915","TJ Sheffield","TEN","10","WR328","","","877","","","877.0"
"916","Ajou Ajou","IND","11","WR329","","","878","","","878.0"
"917","Ulysses Bentley IV","IND","11","RB202","","","879","","","879.0"
"918","Coleman Owen","IND","11","WR330","","","880","","","880.0"
"919","Landon Parker","IND","11","WR331","","","881","","","881.0"
"920","LeQuint Allen Jr.","JAC","8","RB203","","","882","","","882.0"
"921","Cam Camper","JAC","8","WR332","","","883","","","883.0"
"922","Seth Henigan","JAC","8","QB126","","","884","","","884.0"
"923","Jimmy Holiday","KC","10","WR333","","","885","","","885.0"
"924","Brennan Presley","LAR","8","WR334","","","886","","","886.0"
"925","Anthony Torres","","","TE163","","","887","","","887.0"
"926","Ketron Jackson Jr.","LV","8","WR335","","","888","","","888.0"
"927","Andrew Armstrong","MIA","12","WR336","","","889","","","889.0"
"928","Jalin Conyers","MIA","12","TE164","","","890","","","890.0"
"929","AJ Henning","MIA","12","WR337","","","891","","","891.0"
"930","Dontae Fleming","MIN","6","WR338","","","892","","","892.0"
"931","Bryson Nesbit","MIN","6","TE165","","","893","","","893.0"
"932","Myles Price","MIN","6","WR339","","","894","","","894.0"
"933","Tre Stewart","MIN","6","RB204","","","895","","","895.0"
"934","Ben Wooldridge","NE","14","QB127","","","897","","","897.0"
"935","Hunter Dekkers","NO","11","QB128","","","898","","","898.0"
"936","Dymere Miller","NYJ","9","WR340","","","900","","","900.0"
""
""